-- phpMyAdmin SQL Dump
-- version 4.8.5
-- https://www.phpmyadmin.net/
--
-- Host: 127.0.0.1
-- Waktu pembuatan: 12 Bulan Mei 2020 pada 22.28
-- Versi server: 10.1.30-MariaDB
-- Versi PHP: 5.6.40

SET SQL_MODE = "NO_AUTO_VALUE_ON_ZERO";
SET AUTOCOMMIT = 0;
START TRANSACTION;
SET time_zone = "+00:00";


/*!40101 SET @OLD_CHARACTER_SET_CLIENT=@@CHARACTER_SET_CLIENT */;
/*!40101 SET @OLD_CHARACTER_SET_RESULTS=@@CHARACTER_SET_RESULTS */;
/*!40101 SET @OLD_COLLATION_CONNECTION=@@COLLATION_CONNECTION */;
/*!40101 SET NAMES utf8mb4 */;

--
-- Database: `laporan_karyawan`
--

-- --------------------------------------------------------

--
-- Struktur dari tabel `kota`
--

CREATE TABLE `kota` (
  `id_kota` int(11) NOT NULL,
  `nama_kota` varchar(100) NOT NULL,
  `created_at` datetime NOT NULL DEFAULT CURRENT_TIMESTAMP,
  `updated_at` datetime NOT NULL DEFAULT CURRENT_TIMESTAMP ON UPDATE CURRENT_TIMESTAMP,
  `deleted_at` datetime DEFAULT NULL
) ENGINE=InnoDB DEFAULT CHARSET=latin1;

--
-- Dumping data untuk tabel `kota`
--

INSERT INTO `kota` (`id_kota`, `nama_kota`, `created_at`, `updated_at`, `deleted_at`) VALUES
(1, 'Purwokerto', '2020-05-13 01:03:35', '2020-05-13 01:42:08', NULL),
(2, 'Ajibarang', '2020-05-13 01:03:35', '2020-05-13 01:06:31', NULL),
(3, 'Banyumas', '2020-05-13 01:18:48', '2020-05-13 01:18:48', NULL),
(4, 'Anjay', '2020-05-13 01:19:07', '2020-05-13 01:28:13', '2020-05-13 01:28:13');

-- --------------------------------------------------------

--
-- Struktur dari tabel `laporanbulanan`
--

CREATE TABLE `laporanbulanan` (
  `id_laporanbulanan` int(11) NOT NULL,
  `id_user` int(1) NOT NULL,
  `isi_laporanbulanan` text NOT NULL,
  `status_laporanbulanan` int(1) NOT NULL DEFAULT '0' COMMENT '0 = BELUM | 1 = DITERIMA | 2 = DITOLAK',
  `created_at` datetime NOT NULL DEFAULT CURRENT_TIMESTAMP,
  `updated_at` datetime NOT NULL DEFAULT CURRENT_TIMESTAMP ON UPDATE CURRENT_TIMESTAMP,
  `deleted_at` datetime DEFAULT NULL
) ENGINE=InnoDB DEFAULT CHARSET=latin1;

--
-- Dumping data untuk tabel `laporanbulanan`
--

INSERT INTO `laporanbulanan` (`id_laporanbulanan`, `id_user`, `isi_laporanbulanan`, `status_laporanbulanan`, `created_at`, `updated_at`, `deleted_at`) VALUES
(1, 1, 'Mantap Mantap yuhuuu!!', 0, '2020-05-13 03:27:24', '2020-05-13 03:27:24', NULL);

-- --------------------------------------------------------

--
-- Struktur dari tabel `laporanharian`
--

CREATE TABLE `laporanharian` (
  `id_laporanharian` int(11) NOT NULL,
  `id_user` int(11) NOT NULL,
  `id_outlet` int(11) NOT NULL,
  `alamat_laporanharian` text NOT NULL,
  `latitude_laporanharian` double NOT NULL,
  `longitude_laporanharian` double NOT NULL,
  `keterangan_laporanharian` text NOT NULL,
  `bukti_laporanharian` text NOT NULL COMMENT 'Foto',
  `status_laporanharian` int(1) NOT NULL DEFAULT '0' COMMENT '0 = BELUM | 1 = DITERIMA | 2 = DITOLAK',
  `created_at` datetime NOT NULL DEFAULT CURRENT_TIMESTAMP,
  `updated_at` datetime NOT NULL DEFAULT CURRENT_TIMESTAMP ON UPDATE CURRENT_TIMESTAMP,
  `deleted_at` datetime DEFAULT NULL
) ENGINE=InnoDB DEFAULT CHARSET=latin1;

--
-- Dumping data untuk tabel `laporanharian`
--

INSERT INTO `laporanharian` (`id_laporanharian`, `id_user`, `id_outlet`, `alamat_laporanharian`, `latitude_laporanharian`, `longitude_laporanharian`, `keterangan_laporanharian`, `bukti_laporanharian`, `status_laporanharian`, `created_at`, `updated_at`, `deleted_at`) VALUES
(1, 1, 1, 'Jalan Mantap Mantap', -7.446613, 109.313346, 'Laporan Mantap Mantap dong', 'rafly.jpg', 1, '2020-05-13 02:16:18', '2020-05-13 03:12:19', NULL),
(2, 1, 5, 'Jalan Mantap Mantap Skuy', -7.446613, 109.313346, 'Laporan Mantap Mantap heheheheheh', 'rafly.jpg', 0, '2020-05-13 02:16:18', '2020-05-13 02:48:31', NULL),
(3, 1, 1, 'Klahang mantap', 123, 321, 'Aw mantap mantapp', 'rafly.jpg', 0, '2020-05-13 03:02:24', '2020-05-13 03:02:24', NULL);

-- --------------------------------------------------------

--
-- Struktur dari tabel `outlet`
--

CREATE TABLE `outlet` (
  `id_outlet` int(11) NOT NULL,
  `id_kota` int(11) NOT NULL,
  `nama_outlet` varchar(100) NOT NULL,
  `created_at` datetime NOT NULL DEFAULT CURRENT_TIMESTAMP,
  `updated_at` datetime NOT NULL DEFAULT CURRENT_TIMESTAMP ON UPDATE CURRENT_TIMESTAMP,
  `deleted_at` datetime DEFAULT NULL
) ENGINE=InnoDB DEFAULT CHARSET=latin1;

--
-- Dumping data untuk tabel `outlet`
--

INSERT INTO `outlet` (`id_outlet`, `id_kota`, `nama_outlet`, `created_at`, `updated_at`, `deleted_at`) VALUES
(1, 1, 'Outlet Rafli', '2020-05-13 01:31:55', '2020-05-13 01:31:55', NULL),
(2, 1, 'Outlet Senia', '2020-05-13 01:31:55', '2020-05-13 01:31:55', NULL),
(3, 2, 'Outlet Untung', '2020-05-13 01:32:27', '2020-05-13 01:32:27', NULL),
(4, 2, 'Outlet Trian', '2020-05-13 01:32:27', '2020-05-13 01:32:27', NULL),
(5, 1, 'Outlet Anjay', '2020-05-13 01:41:41', '2020-05-13 01:41:41', NULL),
(6, 2, 'Outlet Keren aw', '2020-05-13 01:42:01', '2020-05-13 01:57:16', '2020-05-13 01:57:16'),
(8, 2, 'Outlet Mantap', '2020-05-13 01:43:06', '2020-05-13 01:43:06', NULL);

-- --------------------------------------------------------

--
-- Struktur dari tabel `rest_logs`
--

CREATE TABLE `rest_logs` (
  `id` int(11) NOT NULL,
  `uri` varchar(255) NOT NULL,
  `method` varchar(6) NOT NULL,
  `params` text,
  `api_key` varchar(40) NOT NULL,
  `ip_address` varchar(45) NOT NULL,
  `time` int(11) NOT NULL,
  `rtime` float DEFAULT NULL,
  `authorized` varchar(1) NOT NULL,
  `response_code` smallint(3) DEFAULT '0'
) ENGINE=InnoDB DEFAULT CHARSET=utf8;

--
-- Dumping data untuk tabel `rest_logs`
--

INSERT INTO `rest_logs` (`id`, `uri`, `method`, `params`, `api_key`, `ip_address`, `time`, `rtime`, `authorized`, `response_code`) VALUES
(1, 'v1/auth/register', 'post', '{\"Authorization\":\"Basic bGFwb3Jhbkthcnlhd2FuTWFudGFwOmxhcG9yYW5LYXJ5YXdhbk1hbnRhcA==\",\"Content-Type\":\"text\\/plain\",\"User-Agent\":\"PostmanRuntime\\/7.24.1\",\"Accept\":\"*\\/*\",\"Cache-Control\":\"no-cache\",\"Postman-Token\":\"00f4438e-8678-435d-9862-b923403b8079\",\"Host\":\"localhost\",\"Accept-Encoding\":\"gzip, deflate, br\",\"Connection\":\"keep-alive\",\"Content-Length\":\"171\",\"Cookie\":\"ci_session=smdnt1lci2ikj28golducnodiu144cfr\",\"0\":\"{\\n  \\\"nip_user\\\"  : 123123,\\n  \\\"username_user\\\" : \\\"admin\\\",\\n  \\\"password_user\\\" : \\\"123123123\\\",\\n  \\\"nama_user\\\"   : \\\"Admin Mantap\\\",\\n  \\\"foto_user\\\" : \\\"rafly.jpg\\\",\\n  \\\"level_user\\\" : 2\\n}\",\"1\":\"{\\n  \\\"nip_user\\\"  : 123123,\\n  \\\"username_user\\\" : \\\"admin\\\",\\n  \\\"password_user\\\" : \\\"123123123\\\",\\n  \\\"nama_user\\\"   : \\\"Admin Mantap\\\",\\n  \\\"foto_user\\\" : \\\"rafly.jpg\\\",\\n  \\\"level_user\\\" : 2\\n}\"}', '', '::1', 1589300299, 0.267672, '1', 0),
(2, 'v1/auth/register', 'post', '{\"Authorization\":\"Basic bGFwb3Jhbkthcnlhd2FuTWFudGFwOmxhcG9yYW5LYXJ5YXdhbk1hbnRhcA==\",\"Content-Type\":\"text\\/plain\",\"User-Agent\":\"PostmanRuntime\\/7.24.1\",\"Accept\":\"*\\/*\",\"Cache-Control\":\"no-cache\",\"Postman-Token\":\"fbb438de-0e34-4f9f-873b-4804a64ccec1\",\"Host\":\"localhost\",\"Accept-Encoding\":\"gzip, deflate, br\",\"Connection\":\"keep-alive\",\"Content-Length\":\"171\",\"Cookie\":\"ci_session=smdnt1lci2ikj28golducnodiu144cfr\",\"0\":\"{\\n  \\\"nip_user\\\"  : 123123,\\n  \\\"username_user\\\" : \\\"admin\\\",\\n  \\\"password_user\\\" : \\\"123123123\\\",\\n  \\\"nama_user\\\"   : \\\"Admin Mantap\\\",\\n  \\\"foto_user\\\" : \\\"rafly.jpg\\\",\\n  \\\"level_user\\\" : 2\\n}\",\"1\":\"{\\n  \\\"nip_user\\\"  : 123123,\\n  \\\"username_user\\\" : \\\"admin\\\",\\n  \\\"password_user\\\" : \\\"123123123\\\",\\n  \\\"nama_user\\\"   : \\\"Admin Mantap\\\",\\n  \\\"foto_user\\\" : \\\"rafly.jpg\\\",\\n  \\\"level_user\\\" : 2\\n}\"}', '', '::1', 1589300344, 0.0384481, '1', 200),
(3, 'v1/auth/register', 'post', '{\"Authorization\":\"Basic bGFwb3Jhbkthcnlhd2FuTWFudGFwOmxhcG9yYW5LYXJ5YXdhbk1hbnRhcA==\",\"Content-Type\":\"text\\/plain\",\"User-Agent\":\"PostmanRuntime\\/7.24.1\",\"Accept\":\"*\\/*\",\"Cache-Control\":\"no-cache\",\"Postman-Token\":\"ed2ae679-404c-42ed-b8ab-eb7f8d73c155\",\"Host\":\"localhost\",\"Accept-Encoding\":\"gzip, deflate, br\",\"Connection\":\"keep-alive\",\"Content-Length\":\"171\",\"Cookie\":\"ci_session=smdnt1lci2ikj28golducnodiu144cfr\",\"0\":\"{\\n  \\\"nip_user\\\"  : 123123,\\n  \\\"username_user\\\" : \\\"admin\\\",\\n  \\\"password_user\\\" : \\\"123123123\\\",\\n  \\\"nama_user\\\"   : \\\"Admin Mantap\\\",\\n  \\\"foto_user\\\" : \\\"rafly.jpg\\\",\\n  \\\"level_user\\\" : 2\\n}\",\"1\":\"{\\n  \\\"nip_user\\\"  : 123123,\\n  \\\"username_user\\\" : \\\"admin\\\",\\n  \\\"password_user\\\" : \\\"123123123\\\",\\n  \\\"nama_user\\\"   : \\\"Admin Mantap\\\",\\n  \\\"foto_user\\\" : \\\"rafly.jpg\\\",\\n  \\\"level_user\\\" : 2\\n}\"}', '', '::1', 1589300354, 0.043231, '1', 0),
(4, 'v1/auth/register', 'post', '{\"Authorization\":\"Basic bGFwb3Jhbkthcnlhd2FuTWFudGFwOmxhcG9yYW5LYXJ5YXdhbk1hbnRhcA==\",\"Content-Type\":\"text\\/plain\",\"User-Agent\":\"PostmanRuntime\\/7.24.1\",\"Accept\":\"*\\/*\",\"Cache-Control\":\"no-cache\",\"Postman-Token\":\"e6a92984-1b85-4dae-83d1-25c4d1822f31\",\"Host\":\"localhost\",\"Accept-Encoding\":\"gzip, deflate, br\",\"Connection\":\"keep-alive\",\"Content-Length\":\"171\",\"Cookie\":\"ci_session=smdnt1lci2ikj28golducnodiu144cfr\",\"0\":\"{\\n  \\\"nip_user\\\"  : 123123,\\n  \\\"username_user\\\" : \\\"admin\\\",\\n  \\\"password_user\\\" : \\\"123123123\\\",\\n  \\\"nama_user\\\"   : \\\"Admin Mantap\\\",\\n  \\\"foto_user\\\" : \\\"rafly.jpg\\\",\\n  \\\"level_user\\\" : 2\\n}\",\"1\":\"{\\n  \\\"nip_user\\\"  : 123123,\\n  \\\"username_user\\\" : \\\"admin\\\",\\n  \\\"password_user\\\" : \\\"123123123\\\",\\n  \\\"nama_user\\\"   : \\\"Admin Mantap\\\",\\n  \\\"foto_user\\\" : \\\"rafly.jpg\\\",\\n  \\\"level_user\\\" : 2\\n}\"}', '', '::1', 1589300415, 0.0483, '1', 0),
(5, 'v1/auth/register', 'post', '{\"Authorization\":\"Basic bGFwb3Jhbkthcnlhd2FuTWFudGFwOmxhcG9yYW5LYXJ5YXdhbk1hbnRhcA==\",\"Content-Type\":\"text\\/plain\",\"User-Agent\":\"PostmanRuntime\\/7.24.1\",\"Accept\":\"*\\/*\",\"Cache-Control\":\"no-cache\",\"Postman-Token\":\"82c88b95-58a5-4fec-b382-2dec34f8b565\",\"Host\":\"localhost\",\"Accept-Encoding\":\"gzip, deflate, br\",\"Connection\":\"keep-alive\",\"Content-Length\":\"171\",\"Cookie\":\"ci_session=i5o3tbs38bf7elu9uan8huiirgk2hfon\",\"0\":\"{\\n  \\\"nip_user\\\"  : 123123,\\n  \\\"username_user\\\" : \\\"admin\\\",\\n  \\\"password_user\\\" : \\\"123123123\\\",\\n  \\\"nama_user\\\"   : \\\"Admin Mantap\\\",\\n  \\\"foto_user\\\" : \\\"rafly.jpg\\\",\\n  \\\"level_user\\\" : 2\\n}\",\"1\":\"{\\n  \\\"nip_user\\\"  : 123123,\\n  \\\"username_user\\\" : \\\"admin\\\",\\n  \\\"password_user\\\" : \\\"123123123\\\",\\n  \\\"nama_user\\\"   : \\\"Admin Mantap\\\",\\n  \\\"foto_user\\\" : \\\"rafly.jpg\\\",\\n  \\\"level_user\\\" : 2\\n}\"}', '', '::1', 1589300425, NULL, '1', 0),
(6, 'v1/auth/register', 'post', '{\"Authorization\":\"Basic bGFwb3Jhbkthcnlhd2FuTWFudGFwOmxhcG9yYW5LYXJ5YXdhbk1hbnRhcA==\",\"Content-Type\":\"text\\/plain\",\"User-Agent\":\"PostmanRuntime\\/7.24.1\",\"Accept\":\"*\\/*\",\"Cache-Control\":\"no-cache\",\"Postman-Token\":\"eca58ef7-e46e-4ff3-b68d-9a53cb1ce111\",\"Host\":\"localhost\",\"Accept-Encoding\":\"gzip, deflate, br\",\"Connection\":\"keep-alive\",\"Content-Length\":\"171\",\"Cookie\":\"ci_session=i5o3tbs38bf7elu9uan8huiirgk2hfon\",\"0\":\"{\\n  \\\"nip_user\\\"  : 123123,\\n  \\\"username_user\\\" : \\\"admin\\\",\\n  \\\"password_user\\\" : \\\"123123123\\\",\\n  \\\"nama_user\\\"   : \\\"Admin Mantap\\\",\\n  \\\"foto_user\\\" : \\\"rafly.jpg\\\",\\n  \\\"level_user\\\" : 2\\n}\",\"1\":\"{\\n  \\\"nip_user\\\"  : 123123,\\n  \\\"username_user\\\" : \\\"admin\\\",\\n  \\\"password_user\\\" : \\\"123123123\\\",\\n  \\\"nama_user\\\"   : \\\"Admin Mantap\\\",\\n  \\\"foto_user\\\" : \\\"rafly.jpg\\\",\\n  \\\"level_user\\\" : 2\\n}\"}', '', '::1', 1589300484, 0.0399439, '1', 200),
(7, 'v1/auth/register', 'post', '{\"Authorization\":\"Basic bGFwb3Jhbkthcnlhd2FuTWFudGFwOmxhcG9yYW5LYXJ5YXdhbk1hbnRhcA==\",\"Content-Type\":\"text\\/plain\",\"User-Agent\":\"PostmanRuntime\\/7.24.1\",\"Accept\":\"*\\/*\",\"Cache-Control\":\"no-cache\",\"Postman-Token\":\"786a7f33-bc35-4eed-aa34-48974f63fdf4\",\"Host\":\"localhost\",\"Accept-Encoding\":\"gzip, deflate, br\",\"Connection\":\"keep-alive\",\"Content-Length\":\"171\",\"Cookie\":\"ci_session=i5o3tbs38bf7elu9uan8huiirgk2hfon\",\"0\":\"{\\n  \\\"nip_user\\\"  : 123123,\\n  \\\"username_user\\\" : \\\"admin\\\",\\n  \\\"password_user\\\" : \\\"123123123\\\",\\n  \\\"nama_user\\\"   : \\\"Admin Mantap\\\",\\n  \\\"foto_user\\\" : \\\"rafly.jpg\\\",\\n  \\\"level_user\\\" : 2\\n}\",\"1\":\"{\\n  \\\"nip_user\\\"  : 123123,\\n  \\\"username_user\\\" : \\\"admin\\\",\\n  \\\"password_user\\\" : \\\"123123123\\\",\\n  \\\"nama_user\\\"   : \\\"Admin Mantap\\\",\\n  \\\"foto_user\\\" : \\\"rafly.jpg\\\",\\n  \\\"level_user\\\" : 2\\n}\"}', '', '::1', 1589300590, 0.0413752, '1', 200),
(8, 'v1/auth/register', 'post', '{\"Authorization\":\"Basic bGFwb3Jhbkthcnlhd2FuTWFudGFwOmxhcG9yYW5LYXJ5YXdhbk1hbnRhcA==\",\"Content-Type\":\"text\\/plain\",\"User-Agent\":\"PostmanRuntime\\/7.24.1\",\"Accept\":\"*\\/*\",\"Cache-Control\":\"no-cache\",\"Postman-Token\":\"193d12a3-acc6-4f76-b364-bbde4d5aa360\",\"Host\":\"localhost\",\"Accept-Encoding\":\"gzip, deflate, br\",\"Connection\":\"keep-alive\",\"Content-Length\":\"177\",\"Cookie\":\"ci_session=i5o3tbs38bf7elu9uan8huiirgk2hfon\",\"0\":\"{\\n  \\\"nip_user\\\"  : 123123,\\n  \\\"username_user\\\" : \\\"adminmantap\\\",\\n  \\\"password_user\\\" : \\\"123123123\\\",\\n  \\\"nama_user\\\"   : \\\"Admin Mantap\\\",\\n  \\\"foto_user\\\" : \\\"rafly.jpg\\\",\\n  \\\"level_user\\\" : 2\\n}\",\"1\":\"{\\n  \\\"nip_user\\\"  : 123123,\\n  \\\"username_user\\\" : \\\"adminmantap\\\",\\n  \\\"password_user\\\" : \\\"123123123\\\",\\n  \\\"nama_user\\\"   : \\\"Admin Mantap\\\",\\n  \\\"foto_user\\\" : \\\"rafly.jpg\\\",\\n  \\\"level_user\\\" : 2\\n}\"}', '', '::1', 1589300896, NULL, '1', 0),
(9, 'v1/auth/register', 'post', '{\"Authorization\":\"Basic bGFwb3Jhbkthcnlhd2FuTWFudGFwOmxhcG9yYW5LYXJ5YXdhbk1hbnRhcA==\",\"Content-Type\":\"text\\/plain\",\"User-Agent\":\"PostmanRuntime\\/7.24.1\",\"Accept\":\"*\\/*\",\"Cache-Control\":\"no-cache\",\"Postman-Token\":\"f281535f-89b6-4ca9-88aa-69fd396c4d10\",\"Host\":\"localhost\",\"Accept-Encoding\":\"gzip, deflate, br\",\"Connection\":\"keep-alive\",\"Content-Length\":\"177\",\"Cookie\":\"ci_session=n2h1tc8sq316kab6m2l1ava9mema6497\",\"0\":\"{\\n  \\\"nip_user\\\"  : 123123,\\n  \\\"username_user\\\" : \\\"adminmantap\\\",\\n  \\\"password_user\\\" : \\\"123123123\\\",\\n  \\\"nama_user\\\"   : \\\"Admin Mantap\\\",\\n  \\\"foto_user\\\" : \\\"rafly.jpg\\\",\\n  \\\"level_user\\\" : 2\\n}\",\"1\":\"{\\n  \\\"nip_user\\\"  : 123123,\\n  \\\"username_user\\\" : \\\"adminmantap\\\",\\n  \\\"password_user\\\" : \\\"123123123\\\",\\n  \\\"nama_user\\\"   : \\\"Admin Mantap\\\",\\n  \\\"foto_user\\\" : \\\"rafly.jpg\\\",\\n  \\\"level_user\\\" : 2\\n}\"}', '', '::1', 1589300904, 0.0396991, '1', 200),
(10, 'v1/auth/register', 'post', '{\"Authorization\":\"Basic bGFwb3Jhbkthcnlhd2FuTWFudGFwOmxhcG9yYW5LYXJ5YXdhbk1hbnRhcA==\",\"Content-Type\":\"text\\/plain\",\"User-Agent\":\"PostmanRuntime\\/7.24.1\",\"Accept\":\"*\\/*\",\"Cache-Control\":\"no-cache\",\"Postman-Token\":\"6cd4730d-29d9-4d83-9f9f-c31ef06fabcf\",\"Host\":\"localhost\",\"Accept-Encoding\":\"gzip, deflate, br\",\"Connection\":\"keep-alive\",\"Content-Length\":\"178\",\"Cookie\":\"ci_session=n2h1tc8sq316kab6m2l1ava9mema6497\",\"0\":\"{\\n  \\\"nip_user\\\"  : 123123,\\n  \\\"username_user\\\" : \\\"adminmantap1\\\",\\n  \\\"password_user\\\" : \\\"123123123\\\",\\n  \\\"nama_user\\\"   : \\\"Admin Mantap\\\",\\n  \\\"foto_user\\\" : \\\"rafly.jpg\\\",\\n  \\\"level_user\\\" : 2\\n}\",\"1\":\"{\\n  \\\"nip_user\\\"  : 123123,\\n  \\\"username_user\\\" : \\\"adminmantap1\\\",\\n  \\\"password_user\\\" : \\\"123123123\\\",\\n  \\\"nama_user\\\"   : \\\"Admin Mantap\\\",\\n  \\\"foto_user\\\" : \\\"rafly.jpg\\\",\\n  \\\"level_user\\\" : 2\\n}\"}', '', '::1', 1589300974, 0.042697, '1', 200),
(11, 'v1/auth/register', 'post', '{\"Authorization\":\"Basic bGFwb3Jhbkthcnlhd2FuTWFudGFwOmxhcG9yYW5LYXJ5YXdhbk1hbnRhcA==\",\"Content-Type\":\"text\\/plain\",\"User-Agent\":\"PostmanRuntime\\/7.24.1\",\"Accept\":\"*\\/*\",\"Cache-Control\":\"no-cache\",\"Postman-Token\":\"f3fb7f75-c206-4875-a869-c5584fb03bdc\",\"Host\":\"localhost\",\"Accept-Encoding\":\"gzip, deflate, br\",\"Connection\":\"keep-alive\",\"Content-Length\":\"116\",\"Cookie\":\"ci_session=n2h1tc8sq316kab6m2l1ava9mema6497\",\"0\":\"{\\n  \\\"username_user\\\" : \\\"user\\\",\\n  \\\"password_user\\\" : \\\"123123123\\\",\\n  \\\"nama_user\\\"   : \\\"User Mantap\\\",\\n  \\\"level_user\\\" : 1\\n}\",\"1\":\"{\\n  \\\"username_user\\\" : \\\"user\\\",\\n  \\\"password_user\\\" : \\\"123123123\\\",\\n  \\\"nama_user\\\"   : \\\"User Mantap\\\",\\n  \\\"level_user\\\" : 1\\n}\"}', '', '::1', 1589301008, 0.0369768, '1', 200),
(12, 'v1/auth/login', 'post', '{\"Authorization\":\"Basic bGFwb3Jhbkthcnlhd2FuTWFudGFwOmxhcG9yYW5LYXJ5YXdhbk1hbnRhcA==\",\"Content-Type\":\"text\\/plain\",\"User-Agent\":\"PostmanRuntime\\/7.24.1\",\"Accept\":\"*\\/*\",\"Cache-Control\":\"no-cache\",\"Postman-Token\":\"aab1486f-0155-4556-be41-fd9f77b92db3\",\"Host\":\"localhost\",\"Accept-Encoding\":\"gzip, deflate, br\",\"Connection\":\"keep-alive\",\"Content-Length\":\"60\",\"Cookie\":\"ci_session=n2h1tc8sq316kab6m2l1ava9mema6497\",\"0\":\"{\\n  \\\"nip_user\\\" : \\\"123456\\\",\\n  \\\"password_user\\\" : \\\"123123123\\\"\\n}\",\"1\":\"{\\n  \\\"nip_user\\\" : \\\"123456\\\",\\n  \\\"password_user\\\" : \\\"123123123\\\"\\n}\"}', '', '::1', 1589301426, 0.125032, '1', 200),
(13, 'v1/auth/login', 'post', '{\"Authorization\":\"Basic bGFwb3Jhbkthcnlhd2FuTWFudGFwOmxhcG9yYW5LYXJ5YXdhbk1hbnRhcA==\",\"Content-Type\":\"text\\/plain\",\"User-Agent\":\"PostmanRuntime\\/7.24.1\",\"Accept\":\"*\\/*\",\"Cache-Control\":\"no-cache\",\"Postman-Token\":\"3d966972-3261-4c06-8586-1c88830a6187\",\"Host\":\"localhost\",\"Accept-Encoding\":\"gzip, deflate, br\",\"Connection\":\"keep-alive\",\"Content-Length\":\"60\",\"Cookie\":\"ci_session=f8b3dje7g3lcl2tn41b421nm0cctp6aa\",\"0\":\"{\\n  \\\"nip_user\\\" : \\\"123456\\\",\\n  \\\"password_user\\\" : \\\"123123123\\\"\\n}\",\"1\":\"{\\n  \\\"nip_user\\\" : \\\"123456\\\",\\n  \\\"password_user\\\" : \\\"123123123\\\"\\n}\"}', '', '::1', 1589301444, 0.0384378, '1', 200),
(14, 'v1/auth/login', 'post', '{\"Authorization\":\"Basic bGFwb3Jhbkthcnlhd2FuTWFudGFwOmxhcG9yYW5LYXJ5YXdhbk1hbnRhcA==\",\"Content-Type\":\"text\\/plain\",\"User-Agent\":\"PostmanRuntime\\/7.24.1\",\"Accept\":\"*\\/*\",\"Cache-Control\":\"no-cache\",\"Postman-Token\":\"fab95ab2-66a6-471a-a542-8e18a234dffb\",\"Host\":\"localhost\",\"Accept-Encoding\":\"gzip, deflate, br\",\"Connection\":\"keep-alive\",\"Content-Length\":\"61\",\"Cookie\":\"ci_session=f8b3dje7g3lcl2tn41b421nm0cctp6aa\",\"0\":\"{\\n  \\\"nip_user\\\" : \\\"123456\\\",\\n  \\\"password_user\\\" : \\\"123123s123\\\"\\n}\",\"1\":\"{\\n  \\\"nip_user\\\" : \\\"123456\\\",\\n  \\\"password_user\\\" : \\\"123123s123\\\"\\n}\"}', '', '::1', 1589301448, 0.0407259, '1', 200),
(15, 'v1/auth/login', 'post', '{\"Authorization\":\"Basic bGFwb3Jhbkthcnlhd2FuTWFudGFwOmxhcG9yYW5LYXJ5YXdhbk1hbnRhcA==\",\"Content-Type\":\"text\\/plain\",\"User-Agent\":\"PostmanRuntime\\/7.24.1\",\"Accept\":\"*\\/*\",\"Cache-Control\":\"no-cache\",\"Postman-Token\":\"b07c87d7-9b0d-4b90-8843-3c17053fd0b7\",\"Host\":\"localhost\",\"Accept-Encoding\":\"gzip, deflate, br\",\"Connection\":\"keep-alive\",\"Content-Length\":\"60\",\"Cookie\":\"ci_session=f8b3dje7g3lcl2tn41b421nm0cctp6aa\",\"0\":\"{\\n  \\\"nip_user\\\" : \\\"123456\\\",\\n  \\\"password_user\\\" : \\\"123123123\\\"\\n}\",\"1\":\"{\\n  \\\"nip_user\\\" : \\\"123456\\\",\\n  \\\"password_user\\\" : \\\"123123123\\\"\\n}\"}', '', '::1', 1589301455, 0.036751, '1', 200),
(16, 'v1/auth/login', 'post', '{\"Authorization\":\"Basic bGFwb3Jhbkthcnlhd2FuTWFudGFwOmxhcG9yYW5LYXJ5YXdhbk1hbnRhcA==\",\"Content-Type\":\"text\\/plain\",\"User-Agent\":\"PostmanRuntime\\/7.24.1\",\"Accept\":\"*\\/*\",\"Cache-Control\":\"no-cache\",\"Postman-Token\":\"0591dddf-5161-4e27-9365-e59f5ad0d182\",\"Host\":\"localhost\",\"Accept-Encoding\":\"gzip, deflate, br\",\"Connection\":\"keep-alive\",\"Content-Length\":\"60\",\"Cookie\":\"ci_session=f8b3dje7g3lcl2tn41b421nm0cctp6aa\",\"0\":\"{\\n  \\\"nip_user\\\" : \\\"123456\\\",\\n  \\\"password_user\\\" : \\\"123123123\\\"\\n}\",\"1\":\"{\\n  \\\"nip_user\\\" : \\\"123456\\\",\\n  \\\"password_user\\\" : \\\"123123123\\\"\\n}\"}', '', '::1', 1589301470, 0.0346551, '1', 200),
(17, 'v1/auth/login', 'post', '{\"Authorization\":\"Basic bGFwb3Jhbkthcnlhd2FuTWFudGFwOmxhcG9yYW5LYXJ5YXdhbk1hbnRhcA==\",\"Content-Type\":\"text\\/plain\",\"User-Agent\":\"PostmanRuntime\\/7.24.1\",\"Accept\":\"*\\/*\",\"Cache-Control\":\"no-cache\",\"Postman-Token\":\"80dbad19-b3f4-4876-9d3f-72cdf659c94f\",\"Host\":\"localhost\",\"Accept-Encoding\":\"gzip, deflate, br\",\"Connection\":\"keep-alive\",\"Content-Length\":\"61\",\"Cookie\":\"ci_session=f8b3dje7g3lcl2tn41b421nm0cctp6aa\",\"0\":\"{\\n  \\\"nip_user\\\" : \\\"123456\\\",\\n  \\\"password_user\\\" : \\\"12312312s3\\\"\\n}\",\"1\":\"{\\n  \\\"nip_user\\\" : \\\"123456\\\",\\n  \\\"password_user\\\" : \\\"12312312s3\\\"\\n}\"}', '', '::1', 1589301479, 0.378984, '1', 200),
(18, 'v1/auth/login', 'post', '{\"Authorization\":\"Basic bGFwb3Jhbkthcnlhd2FuTWFudGFwOmxhcG9yYW5LYXJ5YXdhbk1hbnRhcA==\",\"Content-Type\":\"text\\/plain\",\"User-Agent\":\"PostmanRuntime\\/7.24.1\",\"Accept\":\"*\\/*\",\"Cache-Control\":\"no-cache\",\"Postman-Token\":\"44ec4979-6fac-48ff-a8b2-cc471be27920\",\"Host\":\"localhost\",\"Accept-Encoding\":\"gzip, deflate, br\",\"Connection\":\"keep-alive\",\"Content-Length\":\"66\",\"Cookie\":\"ci_session=f8b3dje7g3lcl2tn41b421nm0cctp6aa\",\"0\":\"{\\n  \\n  \\\"username_user\\\" : \\\"admin\\\"\\n  \\\"password_user\\\" : \\\"123123123\\\"\\n}\",\"1\":\"{\\n  \\n  \\\"username_user\\\" : \\\"admin\\\"\\n  \\\"password_user\\\" : \\\"123123123\\\"\\n}\"}', '', '::1', 1589301503, 0.0342009, '1', 200),
(19, 'v1/auth/login', 'post', '{\"Authorization\":\"Basic bGFwb3Jhbkthcnlhd2FuTWFudGFwOmxhcG9yYW5LYXJ5YXdhbk1hbnRhcA==\",\"Content-Type\":\"text\\/plain\",\"User-Agent\":\"PostmanRuntime\\/7.24.1\",\"Accept\":\"*\\/*\",\"Cache-Control\":\"no-cache\",\"Postman-Token\":\"bceb82ef-ce45-4d9b-8f8a-f7b3c3511ce7\",\"Host\":\"localhost\",\"Accept-Encoding\":\"gzip, deflate, br\",\"Connection\":\"keep-alive\",\"Content-Length\":\"67\",\"Cookie\":\"ci_session=f8b3dje7g3lcl2tn41b421nm0cctp6aa\",\"0\":\"{\\n  \\n  \\\"username_user\\\" : \\\"admin\\\",\\n  \\\"password_user\\\" : \\\"123123123\\\"\\n}\",\"1\":\"{\\n  \\n  \\\"username_user\\\" : \\\"admin\\\",\\n  \\\"password_user\\\" : \\\"123123123\\\"\\n}\"}', '', '::1', 1589301517, 0.0394361, '1', 200),
(20, 'v1/auth/login', 'post', '{\"Authorization\":\"Basic bGFwb3Jhbkthcnlhd2FuTWFudGFwOmxhcG9yYW5LYXJ5YXdhbk1hbnRhcA==\",\"Content-Type\":\"text\\/plain\",\"User-Agent\":\"PostmanRuntime\\/7.24.1\",\"Accept\":\"*\\/*\",\"Cache-Control\":\"no-cache\",\"Postman-Token\":\"af9f2e20-a936-470e-8987-647351f28847\",\"Host\":\"localhost\",\"Accept-Encoding\":\"gzip, deflate, br\",\"Connection\":\"keep-alive\",\"Content-Length\":\"67\",\"Cookie\":\"ci_session=f8b3dje7g3lcl2tn41b421nm0cctp6aa\",\"0\":\"{\\n  \\n  \\\"username_user\\\" : \\\"admin\\\",\\n  \\\"password_user\\\" : \\\"123123123\\\"\\n}\",\"1\":\"{\\n  \\n  \\\"username_user\\\" : \\\"admin\\\",\\n  \\\"password_user\\\" : \\\"123123123\\\"\\n}\"}', '', '::1', 1589301543, 0.0448501, '1', 200),
(21, 'v1/auth/login', 'post', '{\"Authorization\":\"Basic bGFwb3Jhbkthcnlhd2FuTWFudGFwOmxhcG9yYW5LYXJ5YXdhbk1hbnRhcA==\",\"Content-Type\":\"text\\/plain\",\"User-Agent\":\"PostmanRuntime\\/7.24.1\",\"Accept\":\"*\\/*\",\"Cache-Control\":\"no-cache\",\"Postman-Token\":\"7b54be51-e6af-42cb-90fa-77701bb9848f\",\"Host\":\"localhost\",\"Accept-Encoding\":\"gzip, deflate, br\",\"Connection\":\"keep-alive\",\"Content-Length\":\"67\",\"Cookie\":\"ci_session=f8b3dje7g3lcl2tn41b421nm0cctp6aa\",\"0\":\"{\\n  \\n  \\\"username_user\\\" : \\\"admin\\\",\\n  \\\"password_user\\\" : \\\"123123123\\\"\\n}\",\"1\":\"{\\n  \\n  \\\"username_user\\\" : \\\"admin\\\",\\n  \\\"password_user\\\" : \\\"123123123\\\"\\n}\"}', '', '::1', 1589301554, 0.037478, '1', 200),
(22, 'v1/auth/login', 'post', '{\"Authorization\":\"Basic bGFwb3Jhbkthcnlhd2FuTWFudGFwOmxhcG9yYW5LYXJ5YXdhbk1hbnRhcA==\",\"Content-Type\":\"text\\/plain\",\"User-Agent\":\"PostmanRuntime\\/7.24.1\",\"Accept\":\"*\\/*\",\"Cache-Control\":\"no-cache\",\"Postman-Token\":\"b9427e60-d7b2-4b56-94f2-512aa09c48d2\",\"Host\":\"localhost\",\"Accept-Encoding\":\"gzip, deflate, br\",\"Connection\":\"keep-alive\",\"Content-Length\":\"64\",\"Cookie\":\"ci_session=f8b3dje7g3lcl2tn41b421nm0cctp6aa\",\"0\":\"{\\n  \\\"username_user\\\" : \\\"admin\\\",\\n  \\\"password_user\\\" : \\\"123123123\\\"\\n}\",\"1\":\"{\\n  \\\"username_user\\\" : \\\"admin\\\",\\n  \\\"password_user\\\" : \\\"123123123\\\"\\n}\"}', '', '::1', 1589301564, 0.037915, '1', 200),
(23, 'v1/auth/login', 'post', '{\"Authorization\":\"Basic bGFwb3Jhbkthcnlhd2FuTWFudGFwOmxhcG9yYW5LYXJ5YXdhbk1hbnRhcA==\",\"Content-Type\":\"text\\/plain\",\"User-Agent\":\"PostmanRuntime\\/7.24.1\",\"Accept\":\"*\\/*\",\"Cache-Control\":\"no-cache\",\"Postman-Token\":\"3fa4ecb5-1297-4683-8516-56e25a5d0d08\",\"Host\":\"localhost\",\"Accept-Encoding\":\"gzip, deflate, br\",\"Connection\":\"keep-alive\",\"Content-Length\":\"63\",\"Cookie\":\"ci_session=f8b3dje7g3lcl2tn41b421nm0cctp6aa\",\"0\":\"{\\n  \\\"username_nip\\\" : \\\"admin\\\",\\n  \\\"password_user\\\" : \\\"123123123\\\"\\n}\",\"1\":\"{\\n  \\\"username_nip\\\" : \\\"admin\\\",\\n  \\\"password_user\\\" : \\\"123123123\\\"\\n}\"}', '', '::1', 1589301661, 0.034394, '1', 200),
(24, 'v1/auth/login', 'post', '{\"Authorization\":\"Basic bGFwb3Jhbkthcnlhd2FuTWFudGFwOmxhcG9yYW5LYXJ5YXdhbk1hbnRhcA==\",\"Content-Type\":\"text\\/plain\",\"User-Agent\":\"PostmanRuntime\\/7.24.1\",\"Accept\":\"*\\/*\",\"Cache-Control\":\"no-cache\",\"Postman-Token\":\"3060d8b8-6056-431d-b8aa-2ff9875fd1f1\",\"Host\":\"localhost\",\"Accept-Encoding\":\"gzip, deflate, br\",\"Connection\":\"keep-alive\",\"Content-Length\":\"64\",\"Cookie\":\"ci_session=f8b3dje7g3lcl2tn41b421nm0cctp6aa\",\"0\":\"{\\n  \\\"username_nip\\\" : \\\"123456\\\",\\n  \\\"password_user\\\" : \\\"123123123\\\"\\n}\",\"1\":\"{\\n  \\\"username_nip\\\" : \\\"123456\\\",\\n  \\\"password_user\\\" : \\\"123123123\\\"\\n}\"}', '', '::1', 1589301674, 0.038543, '1', 200),
(25, 'v1/auth/login', 'post', '{\"Authorization\":\"Basic bGFwb3Jhbkthcnlhd2FuTWFudGFwOmxhcG9yYW5LYXJ5YXdhbk1hbnRhcA==\",\"Content-Type\":\"text\\/plain\",\"User-Agent\":\"PostmanRuntime\\/7.24.1\",\"Accept\":\"*\\/*\",\"Cache-Control\":\"no-cache\",\"Postman-Token\":\"3bb64450-1bcf-4e11-8671-87ab38600e29\",\"Host\":\"localhost\",\"Accept-Encoding\":\"gzip, deflate, br\",\"Connection\":\"keep-alive\",\"Content-Length\":\"38\",\"Cookie\":\"ci_session=f8b3dje7g3lcl2tn41b421nm0cctp6aa\",\"0\":\"{\\n  \\n  \\\"password_user\\\" : \\\"123123123\\\"\\n}\",\"1\":\"{\\n  \\n  \\\"password_user\\\" : \\\"123123123\\\"\\n}\"}', '', '::1', 1589301686, 0.0363779, '1', 200),
(26, 'v1/auth/login', 'post', '{\"Authorization\":\"Basic bGFwb3Jhbkthcnlhd2FuTWFudGFwOmxhcG9yYW5LYXJ5YXdhbk1hbnRhcA==\",\"Content-Type\":\"text\\/plain\",\"User-Agent\":\"PostmanRuntime\\/7.24.1\",\"Accept\":\"*\\/*\",\"Cache-Control\":\"no-cache\",\"Postman-Token\":\"cd43de59-f9fb-4d82-a893-ea0e14b45671\",\"Host\":\"localhost\",\"Accept-Encoding\":\"gzip, deflate, br\",\"Connection\":\"keep-alive\",\"Content-Length\":\"6\",\"Cookie\":\"ci_session=f8b3dje7g3lcl2tn41b421nm0cctp6aa\",\"0\":\"{\\n  \\n}\",\"1\":\"{\\n  \\n}\"}', '', '::1', 1589301785, 0.039305, '1', 200),
(27, 'v1/auth/login', 'post', '{\"Authorization\":\"Basic bGFwb3Jhbkthcnlhd2FuTWFudGFwOmxhcG9yYW5LYXJ5YXdhbk1hbnRhcA==\",\"Content-Type\":\"text\\/plain\",\"User-Agent\":\"PostmanRuntime\\/7.24.1\",\"Accept\":\"*\\/*\",\"Cache-Control\":\"no-cache\",\"Postman-Token\":\"31525566-236f-4848-991f-47545f04aeff\",\"Host\":\"localhost\",\"Accept-Encoding\":\"gzip, deflate, br\",\"Connection\":\"keep-alive\",\"Content-Length\":\"6\",\"Cookie\":\"ci_session=no7r667a2kk8r39gfek1eisl1bofsbbn\",\"0\":\"{\\n  \\n}\",\"1\":\"{\\n  \\n}\"}', '', '::1', 1589301793, 0.0406721, '1', 200),
(28, 'v1/auth/login', 'post', '{\"Authorization\":\"Basic bGFwb3Jhbkthcnlhd2FuTWFudGFwOmxhcG9yYW5LYXJ5YXdhbk1hbnRhcA==\",\"Content-Type\":\"text\\/plain\",\"User-Agent\":\"PostmanRuntime\\/7.24.1\",\"Accept\":\"*\\/*\",\"Cache-Control\":\"no-cache\",\"Postman-Token\":\"2b98075a-ce69-41c7-8e09-042cea77fd20\",\"Host\":\"localhost\",\"Accept-Encoding\":\"gzip, deflate, br\",\"Connection\":\"keep-alive\",\"Content-Length\":\"6\",\"Cookie\":\"ci_session=no7r667a2kk8r39gfek1eisl1bofsbbn\",\"0\":\"{\\n  \\n}\",\"1\":\"{\\n  \\n}\"}', '', '::1', 1589301823, 0.036917, '1', 200),
(29, 'v1/auth/login', 'post', '{\"Authorization\":\"Basic bGFwb3Jhbkthcnlhd2FuTWFudGFwOmxhcG9yYW5LYXJ5YXdhbk1hbnRhcA==\",\"Content-Type\":\"text\\/plain\",\"User-Agent\":\"PostmanRuntime\\/7.24.1\",\"Accept\":\"*\\/*\",\"Cache-Control\":\"no-cache\",\"Postman-Token\":\"0925b0e8-099e-4b91-83b1-b55525c99475\",\"Host\":\"localhost\",\"Accept-Encoding\":\"gzip, deflate, br\",\"Connection\":\"keep-alive\",\"Content-Length\":\"6\",\"Cookie\":\"ci_session=no7r667a2kk8r39gfek1eisl1bofsbbn\",\"0\":\"{\\n  \\n}\",\"1\":\"{\\n  \\n}\"}', '', '::1', 1589301845, 0.0350671, '1', 200),
(30, 'v1/auth/login', 'post', '{\"Authorization\":\"Basic bGFwb3Jhbkthcnlhd2FuTWFudGFwOmxhcG9yYW5LYXJ5YXdhbk1hbnRhcA==\",\"Content-Type\":\"text\\/plain\",\"User-Agent\":\"PostmanRuntime\\/7.24.1\",\"Accept\":\"*\\/*\",\"Cache-Control\":\"no-cache\",\"Postman-Token\":\"aaafcfee-37ae-41cd-945d-ef6273119c8e\",\"Host\":\"localhost\",\"Accept-Encoding\":\"gzip, deflate, br\",\"Connection\":\"keep-alive\",\"Content-Length\":\"64\",\"Cookie\":\"ci_session=no7r667a2kk8r39gfek1eisl1bofsbbn\",\"0\":\"{\\n  \\\"username_nip\\\" : \\\"123456\\\",\\n  \\\"password_user\\\" : \\\"123123123\\\"\\n}\",\"1\":\"{\\n  \\\"username_nip\\\" : \\\"123456\\\",\\n  \\\"password_user\\\" : \\\"123123123\\\"\\n}\"}', '', '::1', 1589301863, 0.0415561, '1', 200),
(31, 'v1/auth/login', 'post', '{\"Authorization\":\"Basic bGFwb3Jhbkthcnlhd2FuTWFudGFwOmxhcG9yYW5LYXJ5YXdhbk1hbnRhcA==\",\"Content-Type\":\"text\\/plain\",\"User-Agent\":\"PostmanRuntime\\/7.24.1\",\"Accept\":\"*\\/*\",\"Cache-Control\":\"no-cache\",\"Postman-Token\":\"b886016a-ba3a-4893-98dc-0d5fb6d69ee9\",\"Host\":\"localhost\",\"Accept-Encoding\":\"gzip, deflate, br\",\"Connection\":\"keep-alive\",\"Content-Length\":\"63\",\"Cookie\":\"ci_session=no7r667a2kk8r39gfek1eisl1bofsbbn\",\"0\":\"{\\n  \\\"username_nip\\\" : \\\"admin\\\",\\n  \\\"password_user\\\" : \\\"123123123\\\"\\n}\",\"1\":\"{\\n  \\\"username_nip\\\" : \\\"admin\\\",\\n  \\\"password_user\\\" : \\\"123123123\\\"\\n}\"}', '', '::1', 1589301875, 0.0388708, '1', 200),
(32, 'v1/auth/login', 'post', '{\"Authorization\":\"Basic bGFwb3Jhbkthcnlhd2FuTWFudGFwOmxhcG9yYW5LYXJ5YXdhbk1hbnRhcA==\",\"Content-Type\":\"text\\/plain\",\"User-Agent\":\"PostmanRuntime\\/7.24.1\",\"Accept\":\"*\\/*\",\"Cache-Control\":\"no-cache\",\"Postman-Token\":\"c129b64d-2b9d-4cb4-8378-415832d17297\",\"Host\":\"localhost\",\"Accept-Encoding\":\"gzip, deflate, br\",\"Connection\":\"keep-alive\",\"Content-Length\":\"69\",\"Cookie\":\"ci_session=no7r667a2kk8r39gfek1eisl1bofsbbn\",\"0\":\"{\\n  \\\"username_nip\\\" : \\\"adminmantap\\\",\\n  \\\"password_user\\\" : \\\"123123123\\\"\\n}\",\"1\":\"{\\n  \\\"username_nip\\\" : \\\"adminmantap\\\",\\n  \\\"password_user\\\" : \\\"123123123\\\"\\n}\"}', '', '::1', 1589301895, 0.035737, '1', 200),
(33, 'v1/auth/login', 'post', '{\"Authorization\":\"Basic bGFwb3Jhbkthcnlhd2FuTWFudGFwOmxhcG9yYW5LYXJ5YXdhbk1hbnRhcA==\",\"Content-Type\":\"text\\/plain\",\"User-Agent\":\"PostmanRuntime\\/7.24.1\",\"Accept\":\"*\\/*\",\"Cache-Control\":\"no-cache\",\"Postman-Token\":\"1da74219-25c8-41e5-a2a4-e5b0e5f9e176\",\"Host\":\"localhost\",\"Accept-Encoding\":\"gzip, deflate, br\",\"Connection\":\"keep-alive\",\"Content-Length\":\"69\",\"Cookie\":\"ci_session=no7r667a2kk8r39gfek1eisl1bofsbbn\",\"0\":\"{\\n  \\\"username_nip\\\" : \\\"adminmantap\\\",\\n  \\\"password_user\\\" : \\\"123123123\\\"\\n}\",\"1\":\"{\\n  \\\"username_nip\\\" : \\\"adminmantap\\\",\\n  \\\"password_user\\\" : \\\"123123123\\\"\\n}\"}', '', '::1', 1589301912, 0.0405478, '1', 200),
(34, 'v1/auth/login', 'post', '{\"Authorization\":\"Basic bGFwb3Jhbkthcnlhd2FuTWFudGFwOmxhcG9yYW5LYXJ5YXdhbk1hbnRhcA==\",\"Content-Type\":\"text\\/plain\",\"User-Agent\":\"PostmanRuntime\\/7.24.1\",\"Accept\":\"*\\/*\",\"Cache-Control\":\"no-cache\",\"Postman-Token\":\"a6ca5923-6f28-42b3-8e9d-6e139671c785\",\"Host\":\"localhost\",\"Accept-Encoding\":\"gzip, deflate, br\",\"Connection\":\"keep-alive\",\"Content-Length\":\"69\",\"Cookie\":\"ci_session=no7r667a2kk8r39gfek1eisl1bofsbbn\",\"0\":\"{\\n  \\\"username_nip\\\" : \\\"adminmantap\\\",\\n  \\\"password_user\\\" : \\\"123123123\\\"\\n}\",\"1\":\"{\\n  \\\"username_nip\\\" : \\\"adminmantap\\\",\\n  \\\"password_user\\\" : \\\"123123123\\\"\\n}\"}', '', '::1', 1589301965, 0.038717, '1', 200),
(35, 'v1/user', 'post', '{\"Authorization\":\"Basic bGFwb3Jhbkthcnlhd2FuTWFudGFwOmxhcG9yYW5LYXJ5YXdhbk1hbnRhcA==\",\"Content-Type\":\"text\\/plain\",\"User-Agent\":\"PostmanRuntime\\/7.24.1\",\"Accept\":\"*\\/*\",\"Cache-Control\":\"no-cache\",\"Postman-Token\":\"133500ac-c6ca-4953-98d9-611889e47f71\",\"Host\":\"localhost\",\"Accept-Encoding\":\"gzip, deflate, br\",\"Connection\":\"keep-alive\",\"Content-Length\":\"6\",\"Cookie\":\"ci_session=no7r667a2kk8r39gfek1eisl1bofsbbn\",\"0\":\"{\\n  \\n}\",\"1\":\"{\\n  \\n}\"}', '', '::1', 1589304137, 0.039587, '1', 200),
(36, 'v1/user', 'post', '{\"Authorization\":\"Basic bGFwb3Jhbkthcnlhd2FuTWFudGFwOmxhcG9yYW5LYXJ5YXdhbk1hbnRhcA==\",\"Content-Type\":\"text\\/plain\",\"User-Agent\":\"PostmanRuntime\\/7.24.1\",\"Accept\":\"*\\/*\",\"Cache-Control\":\"no-cache\",\"Postman-Token\":\"5cb56e4e-0d07-493e-b43c-0e7cbe8877ff\",\"Host\":\"localhost\",\"Accept-Encoding\":\"gzip, deflate, br\",\"Connection\":\"keep-alive\",\"Content-Length\":\"19\",\"Cookie\":\"ci_session=bfc94omctqr4iakp2hulmshbqq2klajm\",\"0\":\"{\\n  \\\"id_user\\\" : 1\\n}\",\"1\":\"{\\n  \\\"id_user\\\" : 1\\n}\"}', '', '::1', 1589304155, NULL, '1', 0),
(37, 'v1/user', 'post', '{\"Authorization\":\"Basic bGFwb3Jhbkthcnlhd2FuTWFudGFwOmxhcG9yYW5LYXJ5YXdhbk1hbnRhcA==\",\"Content-Type\":\"text\\/plain\",\"User-Agent\":\"PostmanRuntime\\/7.24.1\",\"Accept\":\"*\\/*\",\"Cache-Control\":\"no-cache\",\"Postman-Token\":\"09d4c833-f181-4c73-8536-233e4f632027\",\"Host\":\"localhost\",\"Accept-Encoding\":\"gzip, deflate, br\",\"Connection\":\"keep-alive\",\"Content-Length\":\"19\",\"Cookie\":\"ci_session=bfc94omctqr4iakp2hulmshbqq2klajm\",\"0\":\"{\\n  \\\"id_user\\\" : 1\\n}\",\"1\":\"{\\n  \\\"id_user\\\" : 1\\n}\"}', '', '::1', 1589304191, 0.0343192, '1', 200),
(38, 'v1/user', 'post', '{\"Authorization\":\"Basic bGFwb3Jhbkthcnlhd2FuTWFudGFwOmxhcG9yYW5LYXJ5YXdhbk1hbnRhcA==\",\"Content-Type\":\"text\\/plain\",\"User-Agent\":\"PostmanRuntime\\/7.24.1\",\"Accept\":\"*\\/*\",\"Cache-Control\":\"no-cache\",\"Postman-Token\":\"43556e45-741b-438c-a901-6949dfd1deb1\",\"Host\":\"localhost\",\"Accept-Encoding\":\"gzip, deflate, br\",\"Connection\":\"keep-alive\",\"Content-Length\":\"6\",\"Cookie\":\"ci_session=bfc94omctqr4iakp2hulmshbqq2klajm\",\"0\":\"{\\n  \\n}\",\"1\":\"{\\n  \\n}\"}', '', '::1', 1589304213, 0.036679, '1', 200),
(39, 'v1/user', 'post', '{\"Authorization\":\"Basic bGFwb3Jhbkthcnlhd2FuTWFudGFwOmxhcG9yYW5LYXJ5YXdhbk1hbnRhcA==\",\"Content-Type\":\"text\\/plain\",\"User-Agent\":\"PostmanRuntime\\/7.24.1\",\"Accept\":\"*\\/*\",\"Cache-Control\":\"no-cache\",\"Postman-Token\":\"8c136905-9894-4f32-9a85-46966d36b56f\",\"Host\":\"localhost\",\"Accept-Encoding\":\"gzip, deflate, br\",\"Connection\":\"keep-alive\",\"Content-Length\":\"6\",\"Cookie\":\"ci_session=bfc94omctqr4iakp2hulmshbqq2klajm\",\"0\":\"{\\n  \\n}\",\"1\":\"{\\n  \\n}\"}', '', '::1', 1589304300, 0.0365431, '1', 200),
(40, 'v1/user', 'post', '{\"Authorization\":\"Basic bGFwb3Jhbkthcnlhd2FuTWFudGFwOmxhcG9yYW5LYXJ5YXdhbk1hbnRhcA==\",\"Content-Type\":\"text\\/plain\",\"User-Agent\":\"PostmanRuntime\\/7.24.1\",\"Accept\":\"*\\/*\",\"Cache-Control\":\"no-cache\",\"Postman-Token\":\"1af4fb5a-bce5-4bc3-a188-8e7b8cc9684b\",\"Host\":\"localhost\",\"Accept-Encoding\":\"gzip, deflate, br\",\"Connection\":\"keep-alive\",\"Content-Length\":\"6\",\"Cookie\":\"ci_session=bfc94omctqr4iakp2hulmshbqq2klajm\",\"0\":\"{\\n  \\n}\",\"1\":\"{\\n  \\n}\"}', '', '::1', 1589304330, 0.0344031, '1', 200),
(41, 'v1/user', 'post', '{\"Authorization\":\"Basic bGFwb3Jhbkthcnlhd2FuTWFudGFwOmxhcG9yYW5LYXJ5YXdhbk1hbnRhcA==\",\"Content-Type\":\"text\\/plain\",\"User-Agent\":\"PostmanRuntime\\/7.24.1\",\"Accept\":\"*\\/*\",\"Cache-Control\":\"no-cache\",\"Postman-Token\":\"2a944d49-bb40-44c3-aa13-d303c165c461\",\"Host\":\"localhost\",\"Accept-Encoding\":\"gzip, deflate, br\",\"Connection\":\"keep-alive\",\"Content-Length\":\"6\",\"Cookie\":\"ci_session=bfc94omctqr4iakp2hulmshbqq2klajm\",\"0\":\"{\\n  \\n}\",\"1\":\"{\\n  \\n}\"}', '', '::1', 1589304348, 0.0316961, '1', 200),
(42, 'v1/user', 'post', '{\"Authorization\":\"Basic bGFwb3Jhbkthcnlhd2FuTWFudGFwOmxhcG9yYW5LYXJ5YXdhbk1hbnRhcA==\",\"Content-Type\":\"text\\/plain\",\"User-Agent\":\"PostmanRuntime\\/7.24.1\",\"Accept\":\"*\\/*\",\"Cache-Control\":\"no-cache\",\"Postman-Token\":\"c48140ac-b8a4-47cc-9db0-7556f8438c1b\",\"Host\":\"localhost\",\"Accept-Encoding\":\"gzip, deflate, br\",\"Connection\":\"keep-alive\",\"Content-Length\":\"6\",\"Cookie\":\"ci_session=bfc94omctqr4iakp2hulmshbqq2klajm\",\"0\":\"{\\n  \\n}\",\"1\":\"{\\n  \\n}\"}', '', '::1', 1589304360, 0.038281, '1', 200),
(43, 'v1/user/update', 'post', '{\"Authorization\":\"Basic bGFwb3Jhbkthcnlhd2FuTWFudGFwOmxhcG9yYW5LYXJ5YXdhbk1hbnRhcA==\",\"Content-Type\":\"text\\/plain\",\"User-Agent\":\"PostmanRuntime\\/7.24.1\",\"Accept\":\"*\\/*\",\"Cache-Control\":\"no-cache\",\"Postman-Token\":\"796f5947-9291-4828-8de9-e20e3817eb0a\",\"Host\":\"localhost\",\"Accept-Encoding\":\"gzip, deflate, br\",\"Connection\":\"keep-alive\",\"Content-Length\":\"103\",\"Cookie\":\"ci_session=bfc94omctqr4iakp2hulmshbqq2klajm\",\"0\":\"{\\n\\t\\\"id_user\\\" : 1\\n  \\\"nip_user\\\" : \\\"123456\\\",\\n  \\\"nama_user\\\"   : \\\"Rafli ganteng\\\",\\n  \\\"foto_user\\\" : \\\"aw.jpg\\\"\\n}\",\"1\":\"{\\n\\t\\\"id_user\\\" : 1\\n  \\\"nip_user\\\" : \\\"123456\\\",\\n  \\\"nama_user\\\"   : \\\"Rafli ganteng\\\",\\n  \\\"foto_user\\\" : \\\"aw.jpg\\\"\\n}\"}', '', '::1', 1589305231, 0.0411868, '1', 200),
(44, 'v1/user/update_profile', 'post', '{\"Authorization\":\"Basic bGFwb3Jhbkthcnlhd2FuTWFudGFwOmxhcG9yYW5LYXJ5YXdhbk1hbnRhcA==\",\"Content-Type\":\"text\\/plain\",\"User-Agent\":\"PostmanRuntime\\/7.24.1\",\"Accept\":\"*\\/*\",\"Cache-Control\":\"no-cache\",\"Postman-Token\":\"cf1fac6b-5a80-4f56-b7b3-ba24fc0e9a67\",\"Host\":\"localhost\",\"Accept-Encoding\":\"gzip, deflate, br\",\"Connection\":\"keep-alive\",\"Content-Length\":\"103\",\"Cookie\":\"ci_session=h4vgs0h2knsctmcq5qu2bq8pt38kp4gp\",\"0\":\"{\\n\\t\\\"id_user\\\" : 1\\n  \\\"nip_user\\\" : \\\"123456\\\",\\n  \\\"nama_user\\\"   : \\\"Rafli ganteng\\\",\\n  \\\"foto_user\\\" : \\\"aw.jpg\\\"\\n}\",\"1\":\"{\\n\\t\\\"id_user\\\" : 1\\n  \\\"nip_user\\\" : \\\"123456\\\",\\n  \\\"nama_user\\\"   : \\\"Rafli ganteng\\\",\\n  \\\"foto_user\\\" : \\\"aw.jpg\\\"\\n}\"}', '', '::1', 1589305264, 0.039947, '1', 200),
(45, 'v1/user/update_profile', 'post', '{\"Authorization\":\"Basic bGFwb3Jhbkthcnlhd2FuTWFudGFwOmxhcG9yYW5LYXJ5YXdhbk1hbnRhcA==\",\"Content-Type\":\"text\\/plain\",\"User-Agent\":\"PostmanRuntime\\/7.24.1\",\"Accept\":\"*\\/*\",\"Cache-Control\":\"no-cache\",\"Postman-Token\":\"2608d575-3ad0-4662-90ed-2ca2eb059e1c\",\"Host\":\"localhost\",\"Accept-Encoding\":\"gzip, deflate, br\",\"Connection\":\"keep-alive\",\"Content-Length\":\"103\",\"Cookie\":\"ci_session=h4vgs0h2knsctmcq5qu2bq8pt38kp4gp\",\"0\":\"{\\n\\t\\\"id_user\\\" : 1\\n  \\\"nip_user\\\" : \\\"123456\\\",\\n  \\\"nama_user\\\"   : \\\"Rafli ganteng\\\",\\n  \\\"foto_user\\\" : \\\"aw.jpg\\\"\\n}\",\"1\":\"{\\n\\t\\\"id_user\\\" : 1\\n  \\\"nip_user\\\" : \\\"123456\\\",\\n  \\\"nama_user\\\"   : \\\"Rafli ganteng\\\",\\n  \\\"foto_user\\\" : \\\"aw.jpg\\\"\\n}\"}', '', '::1', 1589305286, 0.0398951, '1', 200),
(46, 'v1/user/update_profile', 'post', '{\"Authorization\":\"Basic bGFwb3Jhbkthcnlhd2FuTWFudGFwOmxhcG9yYW5LYXJ5YXdhbk1hbnRhcA==\",\"Content-Type\":\"text\\/plain\",\"User-Agent\":\"PostmanRuntime\\/7.24.1\",\"Accept\":\"*\\/*\",\"Cache-Control\":\"no-cache\",\"Postman-Token\":\"c6caaaf8-8368-46bd-a623-41b5d8d082d7\",\"Host\":\"localhost\",\"Accept-Encoding\":\"gzip, deflate, br\",\"Connection\":\"keep-alive\",\"Content-Length\":\"102\",\"Cookie\":\"ci_session=h4vgs0h2knsctmcq5qu2bq8pt38kp4gp\",\"0\":\"{\\n\\t\\\"id_user\\\" : \\\"1\\\"\\n\\t\\\"nip_user\\\" : \\\"123456\\\",\\n\\t\\\"nama_user\\\"   : \\\"Rafli ganteng\\\",\\n\\t\\\"foto_user\\\" : \\\"aw.jpg\\\"\\n}\",\"1\":\"{\\n\\t\\\"id_user\\\" : \\\"1\\\"\\n\\t\\\"nip_user\\\" : \\\"123456\\\",\\n\\t\\\"nama_user\\\"   : \\\"Rafli ganteng\\\",\\n\\t\\\"foto_user\\\" : \\\"aw.jpg\\\"\\n}\"}', '', '::1', 1589305329, 0.0378871, '1', 200),
(47, 'v1/user/update', 'post', '{\"Authorization\":\"Basic bGFwb3Jhbkthcnlhd2FuTWFudGFwOmxhcG9yYW5LYXJ5YXdhbk1hbnRhcA==\",\"Content-Type\":\"application\\/json\",\"User-Agent\":\"PostmanRuntime\\/7.24.1\",\"Accept\":\"*\\/*\",\"Cache-Control\":\"no-cache\",\"Postman-Token\":\"67ee43a2-5b92-49b3-8de6-9849640acb29\",\"Host\":\"localhost\",\"Accept-Encoding\":\"gzip, deflate, br\",\"Connection\":\"keep-alive\",\"Content-Length\":\"102\",\"Cookie\":\"ci_session=h4vgs0h2knsctmcq5qu2bq8pt38kp4gp\"}', '', '::1', 1589305427, 0.039221, '1', 200),
(48, 'v1/user/update', 'post', '{\"Authorization\":\"Basic bGFwb3Jhbkthcnlhd2FuTWFudGFwOmxhcG9yYW5LYXJ5YXdhbk1hbnRhcA==\",\"Content-Type\":\"application\\/json\",\"User-Agent\":\"PostmanRuntime\\/7.24.1\",\"Accept\":\"*\\/*\",\"Cache-Control\":\"no-cache\",\"Postman-Token\":\"9e269f81-bded-4f49-ac52-f3f467062608\",\"Host\":\"localhost\",\"Accept-Encoding\":\"gzip, deflate, br\",\"Connection\":\"keep-alive\",\"Content-Length\":\"102\",\"Cookie\":\"ci_session=h4vgs0h2knsctmcq5qu2bq8pt38kp4gp\"}', '', '::1', 1589305453, 0.0460289, '1', 0),
(49, 'v1/user/update', 'post', '{\"Authorization\":\"Basic bGFwb3Jhbkthcnlhd2FuTWFudGFwOmxhcG9yYW5LYXJ5YXdhbk1hbnRhcA==\",\"Content-Type\":\"application\\/json\",\"User-Agent\":\"PostmanRuntime\\/7.24.1\",\"Accept\":\"*\\/*\",\"Cache-Control\":\"no-cache\",\"Postman-Token\":\"a159c568-bf83-4fd6-b246-c85f4ad93850\",\"Host\":\"localhost\",\"Accept-Encoding\":\"gzip, deflate, br\",\"Connection\":\"keep-alive\",\"Content-Length\":\"102\",\"Cookie\":\"ci_session=h4vgs0h2knsctmcq5qu2bq8pt38kp4gp\"}', '', '::1', 1589305467, 0.0387111, '1', 0),
(50, 'v1/user/update', 'post', '{\"Authorization\":\"Basic bGFwb3Jhbkthcnlhd2FuTWFudGFwOmxhcG9yYW5LYXJ5YXdhbk1hbnRhcA==\",\"Content-Type\":\"application\\/json\",\"User-Agent\":\"PostmanRuntime\\/7.24.1\",\"Accept\":\"*\\/*\",\"Cache-Control\":\"no-cache\",\"Postman-Token\":\"d3eae4fa-3306-4d6d-9a26-2c1937dbc7b6\",\"Host\":\"localhost\",\"Accept-Encoding\":\"gzip, deflate, br\",\"Connection\":\"keep-alive\",\"Content-Length\":\"87\",\"Cookie\":\"ci_session=h4vgs0h2knsctmcq5qu2bq8pt38kp4gp\",\"nip_user\":\"123456\",\"nama_user\":\"Rafli ganteng\",\"foto_user\":\"aw.jpg\"}', '', '::1', 1589305481, 0.0404091, '1', 0),
(51, 'v1/user/update', 'post', '{\"Authorization\":\"Basic bGFwb3Jhbkthcnlhd2FuTWFudGFwOmxhcG9yYW5LYXJ5YXdhbk1hbnRhcA==\",\"Content-Type\":\"application\\/json\",\"User-Agent\":\"PostmanRuntime\\/7.24.1\",\"Accept\":\"*\\/*\",\"Cache-Control\":\"no-cache\",\"Postman-Token\":\"4a04feee-6765-4c0e-b301-0116b72ed175\",\"Host\":\"localhost\",\"Accept-Encoding\":\"gzip, deflate, br\",\"Connection\":\"keep-alive\",\"Content-Length\":\"102\",\"Cookie\":\"ci_session=h4vgs0h2knsctmcq5qu2bq8pt38kp4gp\"}', '', '::1', 1589305547, 0.0297589, '1', 200),
(52, 'v1/user/update', 'post', '{\"Authorization\":\"Basic bGFwb3Jhbkthcnlhd2FuTWFudGFwOmxhcG9yYW5LYXJ5YXdhbk1hbnRhcA==\",\"Content-Type\":\"application\\/json\",\"User-Agent\":\"PostmanRuntime\\/7.24.1\",\"Accept\":\"*\\/*\",\"Cache-Control\":\"no-cache\",\"Postman-Token\":\"92673e7d-8a09-4e99-8990-c68c988135e3\",\"Host\":\"localhost\",\"Accept-Encoding\":\"gzip, deflate, br\",\"Connection\":\"keep-alive\",\"Content-Length\":\"102\",\"Cookie\":\"ci_session=u3gftl94rumgoqngeno7okbqn8lv781o\"}', '', '::1', 1589305561, 0.0365019, '1', 200),
(53, 'v1/user/update', 'post', '{\"Authorization\":\"Basic bGFwb3Jhbkthcnlhd2FuTWFudGFwOmxhcG9yYW5LYXJ5YXdhbk1hbnRhcA==\",\"Content-Type\":\"application\\/json\",\"User-Agent\":\"PostmanRuntime\\/7.24.1\",\"Accept\":\"*\\/*\",\"Cache-Control\":\"no-cache\",\"Postman-Token\":\"42a24753-79f9-42c0-ab9a-9323ca82f037\",\"Host\":\"localhost\",\"Accept-Encoding\":\"gzip, deflate, br\",\"Connection\":\"keep-alive\",\"Content-Length\":\"102\",\"Cookie\":\"ci_session=u3gftl94rumgoqngeno7okbqn8lv781o\"}', '', '::1', 1589305579, 0.033747, '1', 200),
(54, 'v1/user/update', 'post', '{\"Authorization\":\"Basic bGFwb3Jhbkthcnlhd2FuTWFudGFwOmxhcG9yYW5LYXJ5YXdhbk1hbnRhcA==\",\"Content-Type\":\"application\\/json\",\"User-Agent\":\"PostmanRuntime\\/7.24.1\",\"Accept\":\"*\\/*\",\"Cache-Control\":\"no-cache\",\"Postman-Token\":\"ad8ad722-014b-49cb-8bc9-b93d768fce9a\",\"Host\":\"localhost\",\"Accept-Encoding\":\"gzip, deflate, br\",\"Connection\":\"keep-alive\",\"Content-Length\":\"102\",\"Cookie\":\"ci_session=u3gftl94rumgoqngeno7okbqn8lv781o\"}', '', '::1', 1589305585, 0.0373631, '1', 200),
(55, 'v1/user/update', 'post', '{\"Authorization\":\"Basic bGFwb3Jhbkthcnlhd2FuTWFudGFwOmxhcG9yYW5LYXJ5YXdhbk1hbnRhcA==\",\"Content-Type\":\"application\\/json\",\"User-Agent\":\"PostmanRuntime\\/7.24.1\",\"Accept\":\"*\\/*\",\"Cache-Control\":\"no-cache\",\"Postman-Token\":\"b210e549-c778-440f-900f-2829962556e2\",\"Host\":\"localhost\",\"Accept-Encoding\":\"gzip, deflate, br\",\"Connection\":\"keep-alive\",\"Content-Length\":\"103\",\"Cookie\":\"ci_session=u3gftl94rumgoqngeno7okbqn8lv781o\",\"id_user\":\"1\",\"nip_user\":\"123456\",\"nama_user\":\"Rafli ganteng\",\"foto_user\":\"aw.jpg\"}', '', '::1', 1589305614, 0.047868, '1', 0),
(56, 'v1/user/update', 'post', '{\"Authorization\":\"Basic bGFwb3Jhbkthcnlhd2FuTWFudGFwOmxhcG9yYW5LYXJ5YXdhbk1hbnRhcA==\",\"Content-Type\":\"application\\/json\",\"User-Agent\":\"PostmanRuntime\\/7.24.1\",\"Accept\":\"*\\/*\",\"Cache-Control\":\"no-cache\",\"Postman-Token\":\"8837ba4e-4ee8-4b52-b8e2-3f19c5600d02\",\"Host\":\"localhost\",\"Accept-Encoding\":\"gzip, deflate, br\",\"Connection\":\"keep-alive\",\"Content-Length\":\"103\",\"Cookie\":\"ci_session=u3gftl94rumgoqngeno7okbqn8lv781o\",\"id_user\":\"1\",\"nip_user\":\"123456\",\"nama_user\":\"Rafli ganteng\",\"foto_user\":\"aw.jpg\"}', '', '::1', 1589305645, 0.04092, '1', 0),
(57, 'v1/user/update', 'post', '{\"Authorization\":\"Basic bGFwb3Jhbkthcnlhd2FuTWFudGFwOmxhcG9yYW5LYXJ5YXdhbk1hbnRhcA==\",\"Content-Type\":\"application\\/json\",\"User-Agent\":\"PostmanRuntime\\/7.24.1\",\"Accept\":\"*\\/*\",\"Cache-Control\":\"no-cache\",\"Postman-Token\":\"95ed0da7-0220-43d9-9103-a4049e461cc1\",\"Host\":\"localhost\",\"Accept-Encoding\":\"gzip, deflate, br\",\"Connection\":\"keep-alive\",\"Content-Length\":\"103\",\"Cookie\":\"ci_session=u3gftl94rumgoqngeno7okbqn8lv781o\",\"id_user\":\"1\",\"nip_user\":\"123456\",\"nama_user\":\"Rafli ganteng\",\"foto_user\":\"aw.jpg\"}', '', '::1', 1589305655, 0.0372369, '1', 200),
(58, 'v1/user/update', 'post', '{\"Authorization\":\"Basic bGFwb3Jhbkthcnlhd2FuTWFudGFwOmxhcG9yYW5LYXJ5YXdhbk1hbnRhcA==\",\"Content-Type\":\"application\\/json\",\"User-Agent\":\"PostmanRuntime\\/7.24.1\",\"Accept\":\"*\\/*\",\"Cache-Control\":\"no-cache\",\"Postman-Token\":\"1e46f473-e5a0-4f03-821b-538060fb4488\",\"Host\":\"localhost\",\"Accept-Encoding\":\"gzip, deflate, br\",\"Connection\":\"keep-alive\",\"Content-Length\":\"103\",\"Cookie\":\"ci_session=u3gftl94rumgoqngeno7okbqn8lv781o\",\"id_user\":\"1\",\"nip_user\":\"123456\",\"nama_user\":\"Rafli ganteng\",\"foto_user\":\"aw.jpg\"}', '', '::1', 1589305672, 0.052052, '1', 200),
(59, 'v1/user/update', 'post', '{\"Authorization\":\"Basic bGFwb3Jhbkthcnlhd2FuTWFudGFwOmxhcG9yYW5LYXJ5YXdhbk1hbnRhcA==\",\"Content-Type\":\"application\\/json\",\"User-Agent\":\"PostmanRuntime\\/7.24.1\",\"Accept\":\"*\\/*\",\"Cache-Control\":\"no-cache\",\"Postman-Token\":\"319b75c3-3812-439d-af15-327d9003efcc\",\"Host\":\"localhost\",\"Accept-Encoding\":\"gzip, deflate, br\",\"Connection\":\"keep-alive\",\"Content-Length\":\"103\",\"Cookie\":\"ci_session=u3gftl94rumgoqngeno7okbqn8lv781o\",\"id_user\":\"1\",\"nip_user\":\"123456\",\"nama_user\":\"Rafli ganteng\",\"foto_user\":\"aw.jpg\"}', '', '::1', 1589305688, 0.0409172, '1', 200),
(60, 'v1/user/update', 'post', '{\"Authorization\":\"Basic bGFwb3Jhbkthcnlhd2FuTWFudGFwOmxhcG9yYW5LYXJ5YXdhbk1hbnRhcA==\",\"Content-Type\":\"application\\/json\",\"User-Agent\":\"PostmanRuntime\\/7.24.1\",\"Accept\":\"*\\/*\",\"Cache-Control\":\"no-cache\",\"Postman-Token\":\"042f7648-a0a9-445f-aadc-09b47a564f70\",\"Host\":\"localhost\",\"Accept-Encoding\":\"gzip, deflate, br\",\"Connection\":\"keep-alive\",\"Content-Length\":\"103\",\"Cookie\":\"ci_session=u3gftl94rumgoqngeno7okbqn8lv781o\",\"id_user\":\"1\",\"nip_user\":\"123123\",\"nama_user\":\"Rafli ganteng\",\"foto_user\":\"aw.jpg\"}', '', '::1', 1589305696, 0.0427592, '1', 200),
(61, 'v1/user/update', 'post', '{\"Authorization\":\"Basic bGFwb3Jhbkthcnlhd2FuTWFudGFwOmxhcG9yYW5LYXJ5YXdhbk1hbnRhcA==\",\"Content-Type\":\"application\\/json\",\"User-Agent\":\"PostmanRuntime\\/7.24.1\",\"Accept\":\"*\\/*\",\"Cache-Control\":\"no-cache\",\"Postman-Token\":\"ab33c96b-6509-42d1-8d13-8ee81413790a\",\"Host\":\"localhost\",\"Accept-Encoding\":\"gzip, deflate, br\",\"Connection\":\"keep-alive\",\"Content-Length\":\"103\",\"Cookie\":\"ci_session=u3gftl94rumgoqngeno7okbqn8lv781o\",\"id_user\":\"1\",\"nip_user\":\"123456\",\"nama_user\":\"Rafli ganteng\",\"foto_user\":\"aw.jpg\"}', '', '::1', 1589305703, 0.042551, '1', 200),
(62, 'v1/user/update', 'post', '{\"Authorization\":\"Basic bGFwb3Jhbkthcnlhd2FuTWFudGFwOmxhcG9yYW5LYXJ5YXdhbk1hbnRhcA==\",\"Content-Type\":\"application\\/json\",\"User-Agent\":\"PostmanRuntime\\/7.24.1\",\"Accept\":\"*\\/*\",\"Cache-Control\":\"no-cache\",\"Postman-Token\":\"59b77a21-e1dc-413f-9309-cbc7b373cca1\",\"Host\":\"localhost\",\"Accept-Encoding\":\"gzip, deflate, br\",\"Connection\":\"keep-alive\",\"Content-Length\":\"103\",\"Cookie\":\"ci_session=u3gftl94rumgoqngeno7okbqn8lv781o\",\"id_user\":\"1\",\"nip_user\":\"123456\",\"nama_user\":\"Rafli ganteng\",\"foto_user\":\"aw.jpg\"}', '', '::1', 1589305739, 0.0411558, '1', 200),
(63, 'v1/user/update', 'post', '{\"Authorization\":\"Basic bGFwb3Jhbkthcnlhd2FuTWFudGFwOmxhcG9yYW5LYXJ5YXdhbk1hbnRhcA==\",\"Content-Type\":\"application\\/json\",\"User-Agent\":\"PostmanRuntime\\/7.24.1\",\"Accept\":\"*\\/*\",\"Cache-Control\":\"no-cache\",\"Postman-Token\":\"bfba543b-c317-439b-bf77-474d684ba840\",\"Host\":\"localhost\",\"Accept-Encoding\":\"gzip, deflate, br\",\"Connection\":\"keep-alive\",\"Content-Length\":\"103\",\"Cookie\":\"ci_session=u3gftl94rumgoqngeno7okbqn8lv781o\",\"id_user\":\"1\",\"nip_user\":\"123456\",\"nama_user\":\"Rafli ganteng\",\"foto_user\":\"aw.jpg\"}', '', '::1', 1589305740, 0.039175, '1', 200),
(64, 'v1/user/update', 'post', '{\"Authorization\":\"Basic bGFwb3Jhbkthcnlhd2FuTWFudGFwOmxhcG9yYW5LYXJ5YXdhbk1hbnRhcA==\",\"Content-Type\":\"application\\/json\",\"User-Agent\":\"PostmanRuntime\\/7.24.1\",\"Accept\":\"*\\/*\",\"Cache-Control\":\"no-cache\",\"Postman-Token\":\"2f60c550-1edf-4092-ad7b-c79f68c7ec76\",\"Host\":\"localhost\",\"Accept-Encoding\":\"gzip, deflate, br\",\"Connection\":\"keep-alive\",\"Content-Length\":\"103\",\"Cookie\":\"ci_session=u3gftl94rumgoqngeno7okbqn8lv781o\",\"id_user\":\"1\",\"nip_user\":\"123456\",\"nama_user\":\"Rafli ganteng\",\"foto_user\":\"aw.jpg\"}', '', '::1', 1589305746, 0.0404792, '1', 200),
(65, 'v1/user/update', 'post', '{\"Authorization\":\"Basic bGFwb3Jhbkthcnlhd2FuTWFudGFwOmxhcG9yYW5LYXJ5YXdhbk1hbnRhcA==\",\"Content-Type\":\"application\\/json\",\"User-Agent\":\"PostmanRuntime\\/7.24.1\",\"Accept\":\"*\\/*\",\"Cache-Control\":\"no-cache\",\"Postman-Token\":\"f1ff13f3-7383-48a9-aa07-12ec78bafef7\",\"Host\":\"localhost\",\"Accept-Encoding\":\"gzip, deflate, br\",\"Connection\":\"keep-alive\",\"Content-Length\":\"103\",\"Cookie\":\"ci_session=u3gftl94rumgoqngeno7okbqn8lv781o\",\"id_user\":\"1\",\"nip_user\":\"123456\",\"nama_user\":\"Rafli ganteng\",\"foto_user\":\"aw.jpg\"}', '', '::1', 1589305758, 0.0340469, '1', 200),
(66, 'v1/user/password', 'post', '{\"Authorization\":\"Basic bGFwb3Jhbkthcnlhd2FuTWFudGFwOmxhcG9yYW5LYXJ5YXdhbk1hbnRhcA==\",\"Content-Type\":\"application\\/json\",\"User-Agent\":\"PostmanRuntime\\/7.24.1\",\"Accept\":\"*\\/*\",\"Cache-Control\":\"no-cache\",\"Postman-Token\":\"d8176fe1-e3e7-40b4-9c17-71553959502d\",\"Host\":\"localhost\",\"Accept-Encoding\":\"gzip, deflate, br\",\"Connection\":\"keep-alive\",\"Content-Length\":\"87\",\"Cookie\":\"ci_session=u3gftl94rumgoqngeno7okbqn8lv781o\"}', '', '::1', 1589306198, 0.0389841, '1', 200),
(67, 'v1/user/update_password', 'post', '{\"Authorization\":\"Basic bGFwb3Jhbkthcnlhd2FuTWFudGFwOmxhcG9yYW5LYXJ5YXdhbk1hbnRhcA==\",\"Content-Type\":\"application\\/json\",\"User-Agent\":\"PostmanRuntime\\/7.24.1\",\"Accept\":\"*\\/*\",\"Cache-Control\":\"no-cache\",\"Postman-Token\":\"09256b10-dff3-4ca3-b2f4-beae59e50cc6\",\"Host\":\"localhost\",\"Accept-Encoding\":\"gzip, deflate, br\",\"Connection\":\"keep-alive\",\"Content-Length\":\"87\",\"Cookie\":\"ci_session=uk0d8bq4thirucmle75ltalml7s014ld\"}', '', '::1', 1589306232, 0.0380449, '1', 200),
(68, 'v1/user/update_password', 'post', '{\"Authorization\":\"Basic bGFwb3Jhbkthcnlhd2FuTWFudGFwOmxhcG9yYW5LYXJ5YXdhbk1hbnRhcA==\",\"Content-Type\":\"application\\/json\",\"User-Agent\":\"PostmanRuntime\\/7.24.1\",\"Accept\":\"*\\/*\",\"Cache-Control\":\"no-cache\",\"Postman-Token\":\"85664ac6-bc4c-49c2-8658-0e7179989c3f\",\"Host\":\"localhost\",\"Accept-Encoding\":\"gzip, deflate, br\",\"Connection\":\"keep-alive\",\"Content-Length\":\"87\",\"Cookie\":\"ci_session=uk0d8bq4thirucmle75ltalml7s014ld\"}', '', '::1', 1589306269, 0.039377, '1', 200),
(69, 'v1/user/update_password', 'post', '{\"Authorization\":\"Basic bGFwb3Jhbkthcnlhd2FuTWFudGFwOmxhcG9yYW5LYXJ5YXdhbk1hbnRhcA==\",\"Content-Type\":\"application\\/json\",\"User-Agent\":\"PostmanRuntime\\/7.24.1\",\"Accept\":\"*\\/*\",\"Cache-Control\":\"no-cache\",\"Postman-Token\":\"7884cbc9-d550-4879-9f5a-aa9adb45f242\",\"Host\":\"localhost\",\"Accept-Encoding\":\"gzip, deflate, br\",\"Connection\":\"keep-alive\",\"Content-Length\":\"82\",\"Cookie\":\"ci_session=uk0d8bq4thirucmle75ltalml7s014ld\",\"id_user\":1,\"password_lama\":\"123123123\",\"password_baru\":\"098098098\"}', '', '::1', 1589306327, 0.0391619, '1', 200);
INSERT INTO `rest_logs` (`id`, `uri`, `method`, `params`, `api_key`, `ip_address`, `time`, `rtime`, `authorized`, `response_code`) VALUES
(70, 'v1/user/update_password', 'post', '{\"Authorization\":\"Basic bGFwb3Jhbkthcnlhd2FuTWFudGFwOmxhcG9yYW5LYXJ5YXdhbk1hbnRhcA==\",\"Content-Type\":\"application\\/json\",\"User-Agent\":\"PostmanRuntime\\/7.24.1\",\"Accept\":\"*\\/*\",\"Cache-Control\":\"no-cache\",\"Postman-Token\":\"ca461465-ebdf-40e5-ab9d-769f96b93381\",\"Host\":\"localhost\",\"Accept-Encoding\":\"gzip, deflate, br\",\"Connection\":\"keep-alive\",\"Content-Length\":\"82\",\"Cookie\":\"ci_session=uk0d8bq4thirucmle75ltalml7s014ld\",\"id_user\":1,\"password_lama\":\"123123123\",\"password_baru\":\"098098098\"}', '', '::1', 1589306337, 0.0265, '1', 200),
(71, 'v1/user/update_password', 'post', '{\"Authorization\":\"Basic bGFwb3Jhbkthcnlhd2FuTWFudGFwOmxhcG9yYW5LYXJ5YXdhbk1hbnRhcA==\",\"Content-Type\":\"application\\/json\",\"User-Agent\":\"PostmanRuntime\\/7.24.1\",\"Accept\":\"*\\/*\",\"Cache-Control\":\"no-cache\",\"Postman-Token\":\"43ce972e-3795-456f-9a4e-c5b5932ce744\",\"Host\":\"localhost\",\"Accept-Encoding\":\"gzip, deflate, br\",\"Connection\":\"keep-alive\",\"Content-Length\":\"82\",\"Cookie\":\"ci_session=uk0d8bq4thirucmle75ltalml7s014ld\",\"id_user\":1,\"password_lama\":\"098098098\",\"password_baru\":\"098098098\"}', '', '::1', 1589306347, 0.037004, '1', 200),
(72, 'v1/user/update_password', 'post', '{\"Authorization\":\"Basic bGFwb3Jhbkthcnlhd2FuTWFudGFwOmxhcG9yYW5LYXJ5YXdhbk1hbnRhcA==\",\"Content-Type\":\"application\\/json\",\"User-Agent\":\"PostmanRuntime\\/7.24.1\",\"Accept\":\"*\\/*\",\"Cache-Control\":\"no-cache\",\"Postman-Token\":\"0e2485b3-58e1-4ce0-88a8-5c2ef031846f\",\"Host\":\"localhost\",\"Accept-Encoding\":\"gzip, deflate, br\",\"Connection\":\"keep-alive\",\"Content-Length\":\"82\",\"Cookie\":\"ci_session=uk0d8bq4thirucmle75ltalml7s014ld\",\"id_user\":1,\"password_lama\":\"098098098\",\"password_baru\":\"123123123\"}', '', '::1', 1589306354, 0.036777, '1', 200),
(73, 'v1/user/data', 'post', '{\"Authorization\":\"Basic bGFwb3Jhbkthcnlhd2FuTWFudGFwOmxhcG9yYW5LYXJ5YXdhbk1hbnRhcA==\",\"Content-Type\":\"application\\/json\",\"User-Agent\":\"PostmanRuntime\\/7.24.1\",\"Accept\":\"*\\/*\",\"Cache-Control\":\"no-cache\",\"Postman-Token\":\"33a1c7bc-71b5-4fef-aa77-e862a36836b3\",\"Host\":\"localhost\",\"Accept-Encoding\":\"gzip, deflate, br\",\"Connection\":\"keep-alive\",\"Content-Length\":\"6\",\"Cookie\":\"ci_session=uk0d8bq4thirucmle75ltalml7s014ld\"}', '', '::1', 1589306507, 0.0430989, '1', 200),
(74, 'v1/user/update_data', 'post', '{\"Authorization\":\"Basic bGFwb3Jhbkthcnlhd2FuTWFudGFwOmxhcG9yYW5LYXJ5YXdhbk1hbnRhcA==\",\"Content-Type\":\"application\\/json\",\"User-Agent\":\"PostmanRuntime\\/7.24.1\",\"Accept\":\"*\\/*\",\"Cache-Control\":\"no-cache\",\"Postman-Token\":\"b90c544c-bb22-4275-8419-f4229ba3c6ee\",\"Host\":\"localhost\",\"Accept-Encoding\":\"gzip, deflate, br\",\"Connection\":\"keep-alive\",\"Content-Length\":\"103\",\"Cookie\":\"ci_session=o4t2hht8u6tbo6lpd04qdd8cpbc38o8e\",\"id_user\":\"1\",\"nip_user\":\"123456\",\"nama_user\":\"Rafli ganteng\",\"foto_user\":\"aw.jpg\"}', '', '::1', 1589306545, 0.038892, '1', 200),
(75, 'v1/kota/data', 'post', '{\"Authorization\":\"Basic bGFwb3Jhbkthcnlhd2FuTWFudGFwOmxhcG9yYW5LYXJ5YXdhbk1hbnRhcA==\",\"Content-Type\":\"application\\/json\",\"User-Agent\":\"PostmanRuntime\\/7.24.1\",\"Accept\":\"*\\/*\",\"Cache-Control\":\"no-cache\",\"Postman-Token\":\"c4e3bb83-8ab1-454c-b061-ac6f1c64b72b\",\"Host\":\"localhost\",\"Accept-Encoding\":\"gzip, deflate, br\",\"Connection\":\"keep-alive\",\"Content-Length\":\"6\",\"Cookie\":\"ci_session=o4t2hht8u6tbo6lpd04qdd8cpbc38o8e\"}', '', '::1', 1589306758, 0.0481238, '1', 200),
(76, 'v1/kota/data', 'post', '{\"Authorization\":\"Basic bGFwb3Jhbkthcnlhd2FuTWFudGFwOmxhcG9yYW5LYXJ5YXdhbk1hbnRhcA==\",\"Content-Type\":\"application\\/json\",\"User-Agent\":\"PostmanRuntime\\/7.24.1\",\"Accept\":\"*\\/*\",\"Cache-Control\":\"no-cache\",\"Postman-Token\":\"bd81fcf2-94fe-4570-afec-0fb9ec4bd422\",\"Host\":\"localhost\",\"Accept-Encoding\":\"gzip, deflate, br\",\"Connection\":\"keep-alive\",\"Content-Length\":\"6\",\"Cookie\":\"ci_session=o4t2hht8u6tbo6lpd04qdd8cpbc38o8e\"}', '', '::1', 1589306774, 0.0358372, '1', 200),
(77, 'v1/kota/data', 'post', '{\"Authorization\":\"Basic bGFwb3Jhbkthcnlhd2FuTWFudGFwOmxhcG9yYW5LYXJ5YXdhbk1hbnRhcA==\",\"Content-Type\":\"application\\/json\",\"User-Agent\":\"PostmanRuntime\\/7.24.1\",\"Accept\":\"*\\/*\",\"Cache-Control\":\"no-cache\",\"Postman-Token\":\"86b8384e-bcfc-4741-b14a-fef4a1c7539e\",\"Host\":\"localhost\",\"Accept-Encoding\":\"gzip, deflate, br\",\"Connection\":\"keep-alive\",\"Content-Length\":\"6\",\"Cookie\":\"ci_session=o4t2hht8u6tbo6lpd04qdd8cpbc38o8e\"}', '', '::1', 1589306785, 0.0426171, '1', 200),
(78, 'v1/kota/data', 'post', '{\"Authorization\":\"Basic bGFwb3Jhbkthcnlhd2FuTWFudGFwOmxhcG9yYW5LYXJ5YXdhbk1hbnRhcA==\",\"Content-Type\":\"application\\/json\",\"User-Agent\":\"PostmanRuntime\\/7.24.1\",\"Accept\":\"*\\/*\",\"Cache-Control\":\"no-cache\",\"Postman-Token\":\"3bffbc75-e8d9-4d80-9f71-87514f3351d7\",\"Host\":\"localhost\",\"Accept-Encoding\":\"gzip, deflate, br\",\"Connection\":\"keep-alive\",\"Content-Length\":\"6\",\"Cookie\":\"ci_session=o4t2hht8u6tbo6lpd04qdd8cpbc38o8e\"}', '', '::1', 1589306795, 0.0338151, '1', 200),
(79, 'v1/kota/data', 'post', '{\"Authorization\":\"Basic bGFwb3Jhbkthcnlhd2FuTWFudGFwOmxhcG9yYW5LYXJ5YXdhbk1hbnRhcA==\",\"Content-Type\":\"application\\/json\",\"User-Agent\":\"PostmanRuntime\\/7.24.1\",\"Accept\":\"*\\/*\",\"Cache-Control\":\"no-cache\",\"Postman-Token\":\"9a76cbea-30d6-40f0-9639-c0fcaa75f926\",\"Host\":\"localhost\",\"Accept-Encoding\":\"gzip, deflate, br\",\"Connection\":\"keep-alive\",\"Content-Length\":\"6\",\"Cookie\":\"ci_session=o4t2hht8u6tbo6lpd04qdd8cpbc38o8e\"}', '', '::1', 1589306853, 0.0453229, '1', 200),
(80, 'v1/kota/data', 'post', '{\"Authorization\":\"Basic bGFwb3Jhbkthcnlhd2FuTWFudGFwOmxhcG9yYW5LYXJ5YXdhbk1hbnRhcA==\",\"Content-Type\":\"application\\/json\",\"User-Agent\":\"PostmanRuntime\\/7.24.1\",\"Accept\":\"*\\/*\",\"Cache-Control\":\"no-cache\",\"Postman-Token\":\"d0daab08-802f-4896-9598-240c4a360d33\",\"Host\":\"localhost\",\"Accept-Encoding\":\"gzip, deflate, br\",\"Connection\":\"keep-alive\",\"Content-Length\":\"19\",\"Cookie\":\"ci_session=0291n2m7dkboinleie61dcu1vadbv6jm\",\"id_kota\":1}', '', '::1', 1589306862, 0.0346441, '1', 200),
(81, 'v1/user/delete', 'post', '{\"Authorization\":\"Basic bGFwb3Jhbkthcnlhd2FuTWFudGFwOmxhcG9yYW5LYXJ5YXdhbk1hbnRhcA==\",\"Content-Type\":\"application\\/json\",\"User-Agent\":\"PostmanRuntime\\/7.24.1\",\"Accept\":\"*\\/*\",\"Cache-Control\":\"no-cache\",\"Postman-Token\":\"38bb86fc-0913-47ba-a591-f018388a3946\",\"Host\":\"localhost\",\"Accept-Encoding\":\"gzip, deflate, br\",\"Connection\":\"keep-alive\",\"Content-Length\":\"5\",\"Cookie\":\"ci_session=0291n2m7dkboinleie61dcu1vadbv6jm\"}', '', '::1', 1589307184, 0.040962, '1', 200),
(82, 'v1/user/delete', 'post', '{\"Authorization\":\"Basic bGFwb3Jhbkthcnlhd2FuTWFudGFwOmxhcG9yYW5LYXJ5YXdhbk1hbnRhcA==\",\"Content-Type\":\"application\\/json\",\"User-Agent\":\"PostmanRuntime\\/7.24.1\",\"Accept\":\"*\\/*\",\"Cache-Control\":\"no-cache\",\"Postman-Token\":\"77fb0228-3ccc-4677-8216-45ecfdf4d8f9\",\"Host\":\"localhost\",\"Accept-Encoding\":\"gzip, deflate, br\",\"Connection\":\"keep-alive\",\"Content-Length\":\"5\",\"Cookie\":\"ci_session=m4iat8meptqf62srr96c4ls6oc4fqsbd\"}', '', '::1', 1589307224, 0.0383158, '1', 200),
(83, 'v1/user/delete', 'post', '{\"Authorization\":\"Basic bGFwb3Jhbkthcnlhd2FuTWFudGFwOmxhcG9yYW5LYXJ5YXdhbk1hbnRhcA==\",\"Content-Type\":\"application\\/json\",\"User-Agent\":\"PostmanRuntime\\/7.24.1\",\"Accept\":\"*\\/*\",\"Cache-Control\":\"no-cache\",\"Postman-Token\":\"2c1f4e37-7465-42d9-99d8-26eef9648b21\",\"Host\":\"localhost\",\"Accept-Encoding\":\"gzip, deflate, br\",\"Connection\":\"keep-alive\",\"Content-Length\":\"19\",\"Cookie\":\"ci_session=m4iat8meptqf62srr96c4ls6oc4fqsbd\"}', '', '::1', 1589307228, 0.03702, '1', 200),
(84, 'v1/user/delete', 'post', '{\"Authorization\":\"Basic bGFwb3Jhbkthcnlhd2FuTWFudGFwOmxhcG9yYW5LYXJ5YXdhbk1hbnRhcA==\",\"Content-Type\":\"application\\/json\",\"User-Agent\":\"PostmanRuntime\\/7.24.1\",\"Accept\":\"*\\/*\",\"Cache-Control\":\"no-cache\",\"Postman-Token\":\"c37ba45e-c451-4496-978c-0f0782ee9dee\",\"Host\":\"localhost\",\"Accept-Encoding\":\"gzip, deflate, br\",\"Connection\":\"keep-alive\",\"Content-Length\":\"18\",\"Cookie\":\"ci_session=m4iat8meptqf62srr96c4ls6oc4fqsbd\",\"id_user\":1}', '', '::1', 1589307241, 0.036773, '1', 200),
(85, 'v1/user/delete', 'post', '{\"Authorization\":\"Basic bGFwb3Jhbkthcnlhd2FuTWFudGFwOmxhcG9yYW5LYXJ5YXdhbk1hbnRhcA==\",\"Content-Type\":\"application\\/json\",\"User-Agent\":\"PostmanRuntime\\/7.24.1\",\"Accept\":\"*\\/*\",\"Cache-Control\":\"no-cache\",\"Postman-Token\":\"31eb488f-18ec-4a16-a9da-32b19d0a864f\",\"Host\":\"localhost\",\"Accept-Encoding\":\"gzip, deflate, br\",\"Connection\":\"keep-alive\",\"Content-Length\":\"18\",\"Cookie\":\"ci_session=m4iat8meptqf62srr96c4ls6oc4fqsbd\",\"id_user\":1}', '', '::1', 1589307251, 0.0417061, '1', 200),
(86, 'v1/user/delete', 'post', '{\"Authorization\":\"Basic bGFwb3Jhbkthcnlhd2FuTWFudGFwOmxhcG9yYW5LYXJ5YXdhbk1hbnRhcA==\",\"Content-Type\":\"application\\/json\",\"User-Agent\":\"PostmanRuntime\\/7.24.1\",\"Accept\":\"*\\/*\",\"Cache-Control\":\"no-cache\",\"Postman-Token\":\"4b408f57-a109-4f66-8476-5e67e0151e37\",\"Host\":\"localhost\",\"Accept-Encoding\":\"gzip, deflate, br\",\"Connection\":\"keep-alive\",\"Content-Length\":\"18\",\"Cookie\":\"ci_session=m4iat8meptqf62srr96c4ls6oc4fqsbd\",\"id_user\":3}', '', '::1', 1589307263, 0.0345149, '1', 200),
(87, 'v1/user/delete', 'post', '{\"Authorization\":\"Basic bGFwb3Jhbkthcnlhd2FuTWFudGFwOmxhcG9yYW5LYXJ5YXdhbk1hbnRhcA==\",\"Content-Type\":\"application\\/json\",\"User-Agent\":\"PostmanRuntime\\/7.24.1\",\"Accept\":\"*\\/*\",\"Cache-Control\":\"no-cache\",\"Postman-Token\":\"c9553f8b-4aaf-4fe4-9ef7-ee76709d95b3\",\"Host\":\"localhost\",\"Accept-Encoding\":\"gzip, deflate, br\",\"Connection\":\"keep-alive\",\"Content-Length\":\"18\",\"Cookie\":\"ci_session=m4iat8meptqf62srr96c4ls6oc4fqsbd\",\"id_user\":1}', '', '::1', 1589307268, 0.0299401, '1', 200),
(88, 'v1/kota/add', 'post', '{\"Authorization\":\"Basic bGFwb3Jhbkthcnlhd2FuTWFudGFwOmxhcG9yYW5LYXJ5YXdhbk1hbnRhcA==\",\"Content-Type\":\"application\\/json\",\"User-Agent\":\"PostmanRuntime\\/7.24.1\",\"Accept\":\"*\\/*\",\"Cache-Control\":\"no-cache\",\"Postman-Token\":\"3f04666a-bab0-45e6-9aab-91d5cefb2819\",\"Host\":\"localhost\",\"Accept-Encoding\":\"gzip, deflate, br\",\"Connection\":\"keep-alive\",\"Content-Length\":\"6\",\"Cookie\":\"ci_session=m4iat8meptqf62srr96c4ls6oc4fqsbd\"}', '', '::1', 1589307515, 0.0487952, '1', 200),
(89, 'v1/kota/add', 'post', '{\"Authorization\":\"Basic bGFwb3Jhbkthcnlhd2FuTWFudGFwOmxhcG9yYW5LYXJ5YXdhbk1hbnRhcA==\",\"Content-Type\":\"application\\/json\",\"User-Agent\":\"PostmanRuntime\\/7.24.1\",\"Accept\":\"*\\/*\",\"Cache-Control\":\"no-cache\",\"Postman-Token\":\"7711ce14-e715-448d-94cb-15ec31209f0f\",\"Host\":\"localhost\",\"Accept-Encoding\":\"gzip, deflate, br\",\"Connection\":\"keep-alive\",\"Content-Length\":\"30\",\"Cookie\":\"ci_session=37lu1ft417tvsvidj8qor5h0f288s6r1\",\"nama_kota\":\"Banyumas\"}', '', '::1', 1589307528, NULL, '1', 0),
(90, 'v1/kota/add', 'post', '{\"Authorization\":\"Basic bGFwb3Jhbkthcnlhd2FuTWFudGFwOmxhcG9yYW5LYXJ5YXdhbk1hbnRhcA==\",\"Content-Type\":\"application\\/json\",\"User-Agent\":\"PostmanRuntime\\/7.24.1\",\"Accept\":\"*\\/*\",\"Cache-Control\":\"no-cache\",\"Postman-Token\":\"292ccec9-e4f4-4141-be2b-7935f74cdb7e\",\"Host\":\"localhost\",\"Accept-Encoding\":\"gzip, deflate, br\",\"Connection\":\"keep-alive\",\"Content-Length\":\"30\",\"Cookie\":\"ci_session=37lu1ft417tvsvidj8qor5h0f288s6r1\",\"nama_kota\":\"Banyumas\"}', '', '::1', 1589307547, 0.034961, '1', 200),
(91, 'v1/kota/update', 'post', '{\"Authorization\":\"Basic bGFwb3Jhbkthcnlhd2FuTWFudGFwOmxhcG9yYW5LYXJ5YXdhbk1hbnRhcA==\",\"Content-Type\":\"application\\/json\",\"User-Agent\":\"PostmanRuntime\\/7.24.1\",\"Accept\":\"*\\/*\",\"Cache-Control\":\"no-cache\",\"Postman-Token\":\"8d98e451-da7a-4b8b-a7a4-97030fc9a2f1\",\"Host\":\"localhost\",\"Accept-Encoding\":\"gzip, deflate, br\",\"Connection\":\"keep-alive\",\"Content-Length\":\"50\",\"Cookie\":\"ci_session=37lu1ft417tvsvidj8qor5h0f288s6r1\",\"id_kota\":4,\"nama_kota\":\"Banyumasssss\"}', '', '::1', 1589307760, 0.042887, '1', 200),
(92, 'v1/kota/update', 'post', '{\"Authorization\":\"Basic bGFwb3Jhbkthcnlhd2FuTWFudGFwOmxhcG9yYW5LYXJ5YXdhbk1hbnRhcA==\",\"Content-Type\":\"application\\/json\",\"User-Agent\":\"PostmanRuntime\\/7.24.1\",\"Accept\":\"*\\/*\",\"Cache-Control\":\"no-cache\",\"Postman-Token\":\"b3aaaed6-ac9a-411c-938f-eb4addfe386d\",\"Host\":\"localhost\",\"Accept-Encoding\":\"gzip, deflate, br\",\"Connection\":\"keep-alive\",\"Content-Length\":\"51\",\"Cookie\":\"ci_session=37lu1ft417tvsvidj8qor5h0f288s6r1\",\"id_kota\":41,\"nama_kota\":\"Banyumasssss\"}', '', '::1', 1589307773, 0.0384111, '1', 200),
(93, 'v1/kota/update', 'post', '{\"Authorization\":\"Basic bGFwb3Jhbkthcnlhd2FuTWFudGFwOmxhcG9yYW5LYXJ5YXdhbk1hbnRhcA==\",\"Content-Type\":\"application\\/json\",\"User-Agent\":\"PostmanRuntime\\/7.24.1\",\"Accept\":\"*\\/*\",\"Cache-Control\":\"no-cache\",\"Postman-Token\":\"a2875b0f-e6b5-4376-bc59-319d62bd20a0\",\"Host\":\"localhost\",\"Accept-Encoding\":\"gzip, deflate, br\",\"Connection\":\"keep-alive\",\"Content-Length\":\"43\",\"Cookie\":\"ci_session=37lu1ft417tvsvidj8qor5h0f288s6r1\",\"id_kota\":4,\"nama_kota\":\"Anjay\"}', '', '::1', 1589307938, 0.0468791, '1', 200),
(94, 'v1/kota/update', 'post', '{\"Authorization\":\"Basic bGFwb3Jhbkthcnlhd2FuTWFudGFwOmxhcG9yYW5LYXJ5YXdhbk1hbnRhcA==\",\"Content-Type\":\"application\\/json\",\"User-Agent\":\"PostmanRuntime\\/7.24.1\",\"Accept\":\"*\\/*\",\"Cache-Control\":\"no-cache\",\"Postman-Token\":\"73f6c8d2-799a-491b-b609-a2683c48fdb6\",\"Host\":\"localhost\",\"Accept-Encoding\":\"gzip, deflate, br\",\"Connection\":\"keep-alive\",\"Content-Length\":\"44\",\"Cookie\":\"ci_session=mbtppl9mevuf9tvgc3ur8gebg1ens6in\",\"id_kota\":42,\"nama_kota\":\"Anjay\"}', '', '::1', 1589307945, 0.038311, '1', 200),
(95, 'v1/kota/update', 'post', '{\"Authorization\":\"Basic bGFwb3Jhbkthcnlhd2FuTWFudGFwOmxhcG9yYW5LYXJ5YXdhbk1hbnRhcA==\",\"Content-Type\":\"application\\/json\",\"User-Agent\":\"PostmanRuntime\\/7.24.1\",\"Accept\":\"*\\/*\",\"Cache-Control\":\"no-cache\",\"Postman-Token\":\"dc64d149-ba58-4b84-8784-c3ea788c70ca\",\"Host\":\"localhost\",\"Accept-Encoding\":\"gzip, deflate, br\",\"Connection\":\"keep-alive\",\"Content-Length\":\"43\",\"Cookie\":\"ci_session=mbtppl9mevuf9tvgc3ur8gebg1ens6in\",\"id_kota\":4,\"nama_kota\":\"Anjay\"}', '', '::1', 1589307954, 0.040813, '1', 200),
(96, 'v1/kota/delete', 'post', '{\"Authorization\":\"Basic bGFwb3Jhbkthcnlhd2FuTWFudGFwOmxhcG9yYW5LYXJ5YXdhbk1hbnRhcA==\",\"Content-Type\":\"application\\/json\",\"User-Agent\":\"PostmanRuntime\\/7.24.1\",\"Accept\":\"*\\/*\",\"Cache-Control\":\"no-cache\",\"Postman-Token\":\"d4285cbb-537d-492a-9d0b-51b9f1e29a90\",\"Host\":\"localhost\",\"Accept-Encoding\":\"gzip, deflate, br\",\"Connection\":\"keep-alive\",\"Content-Length\":\"18\",\"Cookie\":\"ci_session=mbtppl9mevuf9tvgc3ur8gebg1ens6in\",\"id_kota\":4}', '', '::1', 1589308093, 0.0422361, '1', 200),
(97, 'v1/kota/delete', 'post', '{\"Authorization\":\"Basic bGFwb3Jhbkthcnlhd2FuTWFudGFwOmxhcG9yYW5LYXJ5YXdhbk1hbnRhcA==\",\"Content-Type\":\"application\\/json\",\"User-Agent\":\"PostmanRuntime\\/7.24.1\",\"Accept\":\"*\\/*\",\"Cache-Control\":\"no-cache\",\"Postman-Token\":\"526b68bc-d7d1-4ea7-a841-5a6a996d5618\",\"Host\":\"localhost\",\"Accept-Encoding\":\"gzip, deflate, br\",\"Connection\":\"keep-alive\",\"Content-Length\":\"18\",\"Cookie\":\"ci_session=mbtppl9mevuf9tvgc3ur8gebg1ens6in\",\"id_kota\":4}', '', '::1', 1589308102, 0.0491252, '1', 200),
(98, 'v1/kota/data', 'post', '{\"Authorization\":\"Basic bGFwb3Jhbkthcnlhd2FuTWFudGFwOmxhcG9yYW5LYXJ5YXdhbk1hbnRhcA==\",\"Content-Type\":\"application\\/json\",\"User-Agent\":\"PostmanRuntime\\/7.24.1\",\"Accept\":\"*\\/*\",\"Cache-Control\":\"no-cache\",\"Postman-Token\":\"c5923e7e-5120-410a-9acc-6896a1eeb369\",\"Host\":\"localhost\",\"Accept-Encoding\":\"gzip, deflate, br\",\"Connection\":\"keep-alive\",\"Content-Length\":\"19\",\"Cookie\":\"ci_session=mbtppl9mevuf9tvgc3ur8gebg1ens6in\",\"id_kota\":1}', '', '::1', 1589308172, 0.0285809, '1', 200),
(99, 'v1/kota/data', 'post', '{\"Authorization\":\"Basic bGFwb3Jhbkthcnlhd2FuTWFudGFwOmxhcG9yYW5LYXJ5YXdhbk1hbnRhcA==\",\"Content-Type\":\"application\\/json\",\"User-Agent\":\"PostmanRuntime\\/7.24.1\",\"Accept\":\"*\\/*\",\"Cache-Control\":\"no-cache\",\"Postman-Token\":\"dfefc7bb-66b9-4b5f-8970-4d2990a57dfe\",\"Host\":\"localhost\",\"Accept-Encoding\":\"gzip, deflate, br\",\"Connection\":\"keep-alive\",\"Content-Length\":\"6\",\"Cookie\":\"ci_session=mbtppl9mevuf9tvgc3ur8gebg1ens6in\"}', '', '::1', 1589308177, 0.0469568, '1', 200),
(100, 'v1/outlet/data', 'post', '{\"Authorization\":\"Basic bGFwb3Jhbkthcnlhd2FuTWFudGFwOmxhcG9yYW5LYXJ5YXdhbk1hbnRhcA==\",\"Content-Type\":\"application\\/json\",\"User-Agent\":\"PostmanRuntime\\/7.24.1\",\"Accept\":\"*\\/*\",\"Cache-Control\":\"no-cache\",\"Postman-Token\":\"7eb6f0f3-58af-4306-bae5-a59253dac53c\",\"Host\":\"localhost\",\"Accept-Encoding\":\"gzip, deflate, br\",\"Connection\":\"keep-alive\",\"Content-Length\":\"6\",\"Cookie\":\"ci_session=mbtppl9mevuf9tvgc3ur8gebg1ens6in\"}', '', '::1', 1589308623, 0.488968, '1', 200),
(101, 'v1/outlet/data', 'post', '{\"Authorization\":\"Basic bGFwb3Jhbkthcnlhd2FuTWFudGFwOmxhcG9yYW5LYXJ5YXdhbk1hbnRhcA==\",\"Content-Type\":\"application\\/json\",\"User-Agent\":\"PostmanRuntime\\/7.24.1\",\"Accept\":\"*\\/*\",\"Cache-Control\":\"no-cache\",\"Postman-Token\":\"4a8cbaf4-4872-40fd-acd1-cdec3dbe2a47\",\"Host\":\"localhost\",\"Accept-Encoding\":\"gzip, deflate, br\",\"Connection\":\"keep-alive\",\"Content-Length\":\"19\",\"Cookie\":\"ci_session=44v8hcjb0a8ed1d1kl9npglmoandvfkp\",\"id_kota\":1}', '', '::1', 1589308648, 0.0441048, '1', 200),
(102, 'v1/outlet/data', 'post', '{\"Authorization\":\"Basic bGFwb3Jhbkthcnlhd2FuTWFudGFwOmxhcG9yYW5LYXJ5YXdhbk1hbnRhcA==\",\"Content-Type\":\"application\\/json\",\"User-Agent\":\"PostmanRuntime\\/7.24.1\",\"Accept\":\"*\\/*\",\"Cache-Control\":\"no-cache\",\"Postman-Token\":\"a3d5ddf3-f0ee-46bf-bdb8-a1b38ae40de3\",\"Host\":\"localhost\",\"Accept-Encoding\":\"gzip, deflate, br\",\"Connection\":\"keep-alive\",\"Content-Length\":\"21\",\"Cookie\":\"ci_session=44v8hcjb0a8ed1d1kl9npglmoandvfkp\",\"id_outlet\":1}', '', '::1', 1589308659, 0.0482409, '1', 200),
(103, 'v1/outlet/data', 'post', '{\"Authorization\":\"Basic bGFwb3Jhbkthcnlhd2FuTWFudGFwOmxhcG9yYW5LYXJ5YXdhbk1hbnRhcA==\",\"Content-Type\":\"application\\/json\",\"User-Agent\":\"PostmanRuntime\\/7.24.1\",\"Accept\":\"*\\/*\",\"Cache-Control\":\"no-cache\",\"Postman-Token\":\"74afe0dd-7b00-4f8a-b985-31e2bce1894b\",\"Host\":\"localhost\",\"Accept-Encoding\":\"gzip, deflate, br\",\"Connection\":\"keep-alive\",\"Content-Length\":\"21\",\"Cookie\":\"ci_session=44v8hcjb0a8ed1d1kl9npglmoandvfkp\",\"id_outlet\":1}', '', '::1', 1589308676, 0.0526741, '1', 200),
(104, 'v1/outlet/data', 'post', '{\"Authorization\":\"Basic bGFwb3Jhbkthcnlhd2FuTWFudGFwOmxhcG9yYW5LYXJ5YXdhbk1hbnRhcA==\",\"Content-Type\":\"application\\/json\",\"User-Agent\":\"PostmanRuntime\\/7.24.1\",\"Accept\":\"*\\/*\",\"Cache-Control\":\"no-cache\",\"Postman-Token\":\"3262d188-f38b-473f-adab-7f117b5089aa\",\"Host\":\"localhost\",\"Accept-Encoding\":\"gzip, deflate, br\",\"Connection\":\"keep-alive\",\"Content-Length\":\"21\",\"Cookie\":\"ci_session=44v8hcjb0a8ed1d1kl9npglmoandvfkp\",\"id_outlet\":1}', '', '::1', 1589308689, 0.0429289, '1', 200),
(105, 'v1/outlet/data', 'post', '{\"Authorization\":\"Basic bGFwb3Jhbkthcnlhd2FuTWFudGFwOmxhcG9yYW5LYXJ5YXdhbk1hbnRhcA==\",\"Content-Type\":\"application\\/json\",\"User-Agent\":\"PostmanRuntime\\/7.24.1\",\"Accept\":\"*\\/*\",\"Cache-Control\":\"no-cache\",\"Postman-Token\":\"687fd274-5959-43ad-bb6c-fad5ef0ba058\",\"Host\":\"localhost\",\"Accept-Encoding\":\"gzip, deflate, br\",\"Connection\":\"keep-alive\",\"Content-Length\":\"19\",\"Cookie\":\"ci_session=44v8hcjb0a8ed1d1kl9npglmoandvfkp\",\"id_kota\":5}', '', '::1', 1589308718, 0.038614, '1', 200),
(106, 'v1/outlet/add', 'post', '{\"Authorization\":\"Basic bGFwb3Jhbkthcnlhd2FuTWFudGFwOmxhcG9yYW5LYXJ5YXdhbk1hbnRhcA==\",\"Content-Type\":\"application\\/json\",\"User-Agent\":\"PostmanRuntime\\/7.24.1\",\"Accept\":\"*\\/*\",\"Cache-Control\":\"no-cache\",\"Postman-Token\":\"9eb05ef8-da2f-450d-9bab-b3d9b89ed4dc\",\"Host\":\"localhost\",\"Accept-Encoding\":\"gzip, deflate, br\",\"Connection\":\"keep-alive\",\"Content-Length\":\"53\",\"Cookie\":\"ci_session=44v8hcjb0a8ed1d1kl9npglmoandvfkp\",\"id_kota\":1,\"nama_outlet\":\"Outlet Anjay\"}', '', '::1', 1589308901, 0.040848, '1', 200),
(107, 'v1/outlet/add', 'post', '{\"Authorization\":\"Basic bGFwb3Jhbkthcnlhd2FuTWFudGFwOmxhcG9yYW5LYXJ5YXdhbk1hbnRhcA==\",\"Content-Type\":\"application\\/json\",\"User-Agent\":\"PostmanRuntime\\/7.24.1\",\"Accept\":\"*\\/*\",\"Cache-Control\":\"no-cache\",\"Postman-Token\":\"288790b6-7551-411a-b7e7-c91ee30945e1\",\"Host\":\"localhost\",\"Accept-Encoding\":\"gzip, deflate, br\",\"Connection\":\"keep-alive\",\"Content-Length\":\"53\",\"Cookie\":\"ci_session=44v8hcjb0a8ed1d1kl9npglmoandvfkp\",\"id_kota\":1,\"nama_outlet\":\"Outlet Anjay\"}', '', '::1', 1589308921, 0.042953, '1', 200),
(108, 'v1/outlet/add', 'post', '{\"Authorization\":\"Basic bGFwb3Jhbkthcnlhd2FuTWFudGFwOmxhcG9yYW5LYXJ5YXdhbk1hbnRhcA==\",\"Content-Type\":\"application\\/json\",\"User-Agent\":\"PostmanRuntime\\/7.24.1\",\"Accept\":\"*\\/*\",\"Cache-Control\":\"no-cache\",\"Postman-Token\":\"1fa75caa-df91-45fa-a708-faf74dd13118\",\"Host\":\"localhost\",\"Accept-Encoding\":\"gzip, deflate, br\",\"Connection\":\"keep-alive\",\"Content-Length\":\"54\",\"Cookie\":\"ci_session=44v8hcjb0a8ed1d1kl9npglmoandvfkp\",\"id_kota\":20,\"nama_outlet\":\"Outlet Anjay\"}', '', '::1', 1589308953, 0.146985, '1', 200),
(109, 'v1/outlet/add', 'post', '{\"Authorization\":\"Basic bGFwb3Jhbkthcnlhd2FuTWFudGFwOmxhcG9yYW5LYXJ5YXdhbk1hbnRhcA==\",\"Content-Type\":\"application\\/json\",\"User-Agent\":\"PostmanRuntime\\/7.24.1\",\"Accept\":\"*\\/*\",\"Cache-Control\":\"no-cache\",\"Postman-Token\":\"3e3aa2e7-d584-4f21-a942-ee7681c623fc\",\"Host\":\"localhost\",\"Accept-Encoding\":\"gzip, deflate, br\",\"Connection\":\"keep-alive\",\"Content-Length\":\"39\",\"Cookie\":\"ci_session=ienl4r246sc3rhscpl6i2b9muo2p501o\",\"nama_outlet\":\"Outlet Anjay\"}', '', '::1', 1589308973, 0.025929, '1', 200),
(110, 'v1/outlet/add', 'post', '{\"Authorization\":\"Basic bGFwb3Jhbkthcnlhd2FuTWFudGFwOmxhcG9yYW5LYXJ5YXdhbk1hbnRhcA==\",\"Content-Type\":\"application\\/json\",\"User-Agent\":\"PostmanRuntime\\/7.24.1\",\"Accept\":\"*\\/*\",\"Cache-Control\":\"no-cache\",\"Postman-Token\":\"45d8b46e-e055-4432-b7ea-1d14e65947f7\",\"Host\":\"localhost\",\"Accept-Encoding\":\"gzip, deflate, br\",\"Connection\":\"keep-alive\",\"Content-Length\":\"54\",\"Cookie\":\"ci_session=ienl4r246sc3rhscpl6i2b9muo2p501o\",\"id_kota\":2,\"nama_outlet\":\"Outlet Mantap\"}', '', '::1', 1589308985, 0.0434921, '1', 200),
(111, 'v1/outlet/update', 'post', '{\"Authorization\":\"Basic bGFwb3Jhbkthcnlhd2FuTWFudGFwOmxhcG9yYW5LYXJ5YXdhbk1hbnRhcA==\",\"Content-Type\":\"application\\/json\",\"User-Agent\":\"PostmanRuntime\\/7.24.1\",\"Accept\":\"*\\/*\",\"Cache-Control\":\"no-cache\",\"Postman-Token\":\"9243bbcc-b6d3-4672-8661-7f72537ece1d\",\"Host\":\"localhost\",\"Accept-Encoding\":\"gzip, deflate, br\",\"Connection\":\"keep-alive\",\"Content-Length\":\"19\",\"Cookie\":\"ci_session=ienl4r246sc3rhscpl6i2b9muo2p501o\",\"id_kota\":1}', '', '::1', 1589309596, 0.0418048, '1', 200),
(112, 'v1/outlet/update', 'post', '{\"Authorization\":\"Basic bGFwb3Jhbkthcnlhd2FuTWFudGFwOmxhcG9yYW5LYXJ5YXdhbk1hbnRhcA==\",\"Content-Type\":\"application\\/json\",\"User-Agent\":\"PostmanRuntime\\/7.24.1\",\"Accept\":\"*\\/*\",\"Cache-Control\":\"no-cache\",\"Postman-Token\":\"3d241223-35bf-4096-bb9e-2a98b2884554\",\"Host\":\"localhost\",\"Accept-Encoding\":\"gzip, deflate, br\",\"Connection\":\"keep-alive\",\"Content-Length\":\"76\",\"Cookie\":\"ci_session=glvsce2p8nnqp6ndm204bdfsclh87fm8\",\"id_outlet\":6,\"id_kota\":1,\"nama_outlet\":\"Outlet Keren hehe\"}', '', '::1', 1589309628, 0.037761, '1', 200),
(113, 'v1/outlet/update', 'post', '{\"Authorization\":\"Basic bGFwb3Jhbkthcnlhd2FuTWFudGFwOmxhcG9yYW5LYXJ5YXdhbk1hbnRhcA==\",\"Content-Type\":\"application\\/json\",\"User-Agent\":\"PostmanRuntime\\/7.24.1\",\"Accept\":\"*\\/*\",\"Cache-Control\":\"no-cache\",\"Postman-Token\":\"c842fec5-a50c-4d32-bc69-78058821a056\",\"Host\":\"localhost\",\"Accept-Encoding\":\"gzip, deflate, br\",\"Connection\":\"keep-alive\",\"Content-Length\":\"76\",\"Cookie\":\"ci_session=glvsce2p8nnqp6ndm204bdfsclh87fm8\",\"id_outlet\":6,\"id_kota\":1,\"nama_outlet\":\"Outlet Keren hehe\"}', '', '::1', 1589309642, 0.0486701, '1', 200),
(114, 'v1/outlet/update', 'post', '{\"Authorization\":\"Basic bGFwb3Jhbkthcnlhd2FuTWFudGFwOmxhcG9yYW5LYXJ5YXdhbk1hbnRhcA==\",\"Content-Type\":\"application\\/json\",\"User-Agent\":\"PostmanRuntime\\/7.24.1\",\"Accept\":\"*\\/*\",\"Cache-Control\":\"no-cache\",\"Postman-Token\":\"cc6c54b3-0874-4959-a3da-c9eeddfa0819\",\"Host\":\"localhost\",\"Accept-Encoding\":\"gzip, deflate, br\",\"Connection\":\"keep-alive\",\"Content-Length\":\"76\",\"Cookie\":\"ci_session=glvsce2p8nnqp6ndm204bdfsclh87fm8\",\"id_outlet\":7,\"id_kota\":1,\"nama_outlet\":\"Outlet Keren hehe\"}', '', '::1', 1589309657, 0.034997, '1', 200),
(115, 'v1/outlet/update', 'post', '{\"Authorization\":\"Basic bGFwb3Jhbkthcnlhd2FuTWFudGFwOmxhcG9yYW5LYXJ5YXdhbk1hbnRhcA==\",\"Content-Type\":\"application\\/json\",\"User-Agent\":\"PostmanRuntime\\/7.24.1\",\"Accept\":\"*\\/*\",\"Cache-Control\":\"no-cache\",\"Postman-Token\":\"c7a4e963-800f-4324-82b4-e4ffe4650b1e\",\"Host\":\"localhost\",\"Accept-Encoding\":\"gzip, deflate, br\",\"Connection\":\"keep-alive\",\"Content-Length\":\"76\",\"Cookie\":\"ci_session=glvsce2p8nnqp6ndm204bdfsclh87fm8\",\"id_outlet\":7,\"id_kota\":5,\"nama_outlet\":\"Outlet Keren hehe\"}', '', '::1', 1589309666, 0.038161, '1', 200),
(116, 'v1/outlet/update', 'post', '{\"Authorization\":\"Basic bGFwb3Jhbkthcnlhd2FuTWFudGFwOmxhcG9yYW5LYXJ5YXdhbk1hbnRhcA==\",\"Content-Type\":\"application\\/json\",\"User-Agent\":\"PostmanRuntime\\/7.24.1\",\"Accept\":\"*\\/*\",\"Cache-Control\":\"no-cache\",\"Postman-Token\":\"b2e931a0-0d6b-4165-a36f-eb1984525690\",\"Host\":\"localhost\",\"Accept-Encoding\":\"gzip, deflate, br\",\"Connection\":\"keep-alive\",\"Content-Length\":\"76\",\"Cookie\":\"ci_session=glvsce2p8nnqp6ndm204bdfsclh87fm8\",\"id_outlet\":6,\"id_kota\":5,\"nama_outlet\":\"Outlet Keren hehe\"}', '', '::1', 1589309671, 0.0427101, '1', 200),
(117, 'v1/outlet/update', 'post', '{\"Authorization\":\"Basic bGFwb3Jhbkthcnlhd2FuTWFudGFwOmxhcG9yYW5LYXJ5YXdhbk1hbnRhcA==\",\"Content-Type\":\"application\\/json\",\"User-Agent\":\"PostmanRuntime\\/7.24.1\",\"Accept\":\"*\\/*\",\"Cache-Control\":\"no-cache\",\"Postman-Token\":\"393cd38d-4f63-4fdc-afae-14da2e482f9d\",\"Host\":\"localhost\",\"Accept-Encoding\":\"gzip, deflate, br\",\"Connection\":\"keep-alive\",\"Content-Length\":\"74\",\"Cookie\":\"ci_session=glvsce2p8nnqp6ndm204bdfsclh87fm8\",\"id_outlet\":6,\"id_kota\":2,\"nama_outlet\":\"Outlet Keren aw\"}', '', '::1', 1589309685, 0.399874, '1', 200),
(118, 'v1/outlet/delete', 'post', '{\"Authorization\":\"Basic bGFwb3Jhbkthcnlhd2FuTWFudGFwOmxhcG9yYW5LYXJ5YXdhbk1hbnRhcA==\",\"Content-Type\":\"application\\/json\",\"User-Agent\":\"PostmanRuntime\\/7.24.1\",\"Accept\":\"*\\/*\",\"Cache-Control\":\"no-cache\",\"Postman-Token\":\"51b0d200-253c-4848-9640-3c0b2cf25edc\",\"Host\":\"localhost\",\"Accept-Encoding\":\"gzip, deflate, br\",\"Connection\":\"keep-alive\",\"Content-Length\":\"74\",\"Cookie\":\"ci_session=glvsce2p8nnqp6ndm204bdfsclh87fm8\",\"id_outlet\":6,\"id_kota\":2,\"nama_outlet\":\"Outlet Keren aw\"}', '', '::1', 1589309805, 0.04164, '1', 200),
(119, 'v1/outlet/delete', 'post', '{\"Authorization\":\"Basic bGFwb3Jhbkthcnlhd2FuTWFudGFwOmxhcG9yYW5LYXJ5YXdhbk1hbnRhcA==\",\"Content-Type\":\"application\\/json\",\"User-Agent\":\"PostmanRuntime\\/7.24.1\",\"Accept\":\"*\\/*\",\"Cache-Control\":\"no-cache\",\"Postman-Token\":\"22deea97-b015-4734-ba29-fca3323fd969\",\"Host\":\"localhost\",\"Accept-Encoding\":\"gzip, deflate, br\",\"Connection\":\"keep-alive\",\"Content-Length\":\"20\",\"Cookie\":\"ci_session=glvsce2p8nnqp6ndm204bdfsclh87fm8\",\"id_outlet\":7}', '', '::1', 1589309830, 0.037282, '1', 200),
(120, 'v1/outlet/delete', 'post', '{\"Authorization\":\"Basic bGFwb3Jhbkthcnlhd2FuTWFudGFwOmxhcG9yYW5LYXJ5YXdhbk1hbnRhcA==\",\"Content-Type\":\"application\\/json\",\"User-Agent\":\"PostmanRuntime\\/7.24.1\",\"Accept\":\"*\\/*\",\"Cache-Control\":\"no-cache\",\"Postman-Token\":\"317412aa-7725-4242-8246-4a9a0ef5ad2b\",\"Host\":\"localhost\",\"Accept-Encoding\":\"gzip, deflate, br\",\"Connection\":\"keep-alive\",\"Content-Length\":\"20\",\"Cookie\":\"ci_session=glvsce2p8nnqp6ndm204bdfsclh87fm8\",\"id_outlet\":6}', '', '::1', 1589309836, 0.031786, '1', 200),
(121, 'v1/laporanharian/data', 'post', '{\"Authorization\":\"Basic bGFwb3Jhbkthcnlhd2FuTWFudGFwOmxhcG9yYW5LYXJ5YXdhbk1hbnRhcA==\",\"Content-Type\":\"application\\/json\",\"User-Agent\":\"PostmanRuntime\\/7.24.1\",\"Accept\":\"*\\/*\",\"Cache-Control\":\"no-cache\",\"Postman-Token\":\"a2fd21e3-e4f7-4a28-bf09-b7f5cb842fc1\",\"Host\":\"localhost\",\"Accept-Encoding\":\"gzip, deflate, br\",\"Connection\":\"keep-alive\",\"Content-Length\":\"6\",\"Cookie\":\"ci_session=glvsce2p8nnqp6ndm204bdfsclh87fm8\"}', '', '::1', 1589312753, 0.394243, '1', 200),
(122, 'v1/laporanharian/data', 'post', '{\"Authorization\":\"Basic bGFwb3Jhbkthcnlhd2FuTWFudGFwOmxhcG9yYW5LYXJ5YXdhbk1hbnRhcA==\",\"Content-Type\":\"application\\/json\",\"User-Agent\":\"PostmanRuntime\\/7.24.1\",\"Accept\":\"*\\/*\",\"Cache-Control\":\"no-cache\",\"Postman-Token\":\"e861d324-524c-42eb-9adc-fc4364ab5727\",\"Host\":\"localhost\",\"Accept-Encoding\":\"gzip, deflate, br\",\"Connection\":\"keep-alive\",\"Content-Length\":\"6\",\"Cookie\":\"ci_session=1h9v4b422m8pr97bmdc77c4ip1cg69dn\"}', '', '::1', 1589312759, 0.0447171, '1', 200),
(123, 'v1/laporanharian/data', 'post', '{\"Authorization\":\"Basic bGFwb3Jhbkthcnlhd2FuTWFudGFwOmxhcG9yYW5LYXJ5YXdhbk1hbnRhcA==\",\"Content-Type\":\"application\\/json\",\"User-Agent\":\"PostmanRuntime\\/7.24.1\",\"Accept\":\"*\\/*\",\"Cache-Control\":\"no-cache\",\"Postman-Token\":\"69aba134-fb9c-42f6-9284-0f29b9cd6d1c\",\"Host\":\"localhost\",\"Accept-Encoding\":\"gzip, deflate, br\",\"Connection\":\"keep-alive\",\"Content-Length\":\"63\",\"Cookie\":\"ci_session=1h9v4b422m8pr97bmdc77c4ip1cg69dn\",\"tahun_laporanharian\":2020,\"bulan_laporanharian\":5}', '', '::1', 1589312789, 0.443139, '1', 200),
(124, 'v1/laporanharian/data', 'post', '{\"Authorization\":\"Basic bGFwb3Jhbkthcnlhd2FuTWFudGFwOmxhcG9yYW5LYXJ5YXdhbk1hbnRhcA==\",\"Content-Type\":\"application\\/json\",\"User-Agent\":\"PostmanRuntime\\/7.24.1\",\"Accept\":\"*\\/*\",\"Cache-Control\":\"no-cache\",\"Postman-Token\":\"6e14af16-706a-4313-b853-aef4258f2277\",\"Host\":\"localhost\",\"Accept-Encoding\":\"gzip, deflate, br\",\"Connection\":\"keep-alive\",\"Content-Length\":\"89\",\"Cookie\":\"ci_session=1h9v4b422m8pr97bmdc77c4ip1cg69dn\",\"tahun_laporanharian\":2020,\"bulan_laporanharian\":5,\"id_laporanharian\":1}', '', '::1', 1589312820, 0.438547, '1', 200),
(125, 'v1/laporanharian/data', 'post', '{\"Authorization\":\"Basic bGFwb3Jhbkthcnlhd2FuTWFudGFwOmxhcG9yYW5LYXJ5YXdhbk1hbnRhcA==\",\"Content-Type\":\"application\\/json\",\"User-Agent\":\"PostmanRuntime\\/7.24.1\",\"Accept\":\"*\\/*\",\"Cache-Control\":\"no-cache\",\"Postman-Token\":\"5acf52f3-1a98-4d6f-8cb6-68b677c31364\",\"Host\":\"localhost\",\"Accept-Encoding\":\"gzip, deflate, br\",\"Connection\":\"keep-alive\",\"Content-Length\":\"80\",\"Cookie\":\"ci_session=1h9v4b422m8pr97bmdc77c4ip1cg69dn\",\"tahun_laporanharian\":2020,\"bulan_laporanharian\":5,\"id_user\":1}', '', '::1', 1589312837, 0.0807459, '1', 200),
(126, 'v1/laporanharian/data', 'post', '{\"Authorization\":\"Basic bGFwb3Jhbkthcnlhd2FuTWFudGFwOmxhcG9yYW5LYXJ5YXdhbk1hbnRhcA==\",\"Content-Type\":\"application\\/json\",\"User-Agent\":\"PostmanRuntime\\/7.24.1\",\"Accept\":\"*\\/*\",\"Cache-Control\":\"no-cache\",\"Postman-Token\":\"f15e6c2e-b8da-40b7-821b-6760e0d20195\",\"Host\":\"localhost\",\"Accept-Encoding\":\"gzip, deflate, br\",\"Connection\":\"keep-alive\",\"Content-Length\":\"80\",\"Cookie\":\"ci_session=1h9v4b422m8pr97bmdc77c4ip1cg69dn\",\"tahun_laporanharian\":2020,\"bulan_laporanharian\":5,\"id_user\":2}', '', '::1', 1589312886, 0.0513771, '1', 200),
(127, 'v1/laporanharian/data', 'post', '{\"Authorization\":\"Basic bGFwb3Jhbkthcnlhd2FuTWFudGFwOmxhcG9yYW5LYXJ5YXdhbk1hbnRhcA==\",\"Content-Type\":\"application\\/json\",\"User-Agent\":\"PostmanRuntime\\/7.24.1\",\"Accept\":\"*\\/*\",\"Cache-Control\":\"no-cache\",\"Postman-Token\":\"cac6e573-d665-4c23-b279-c879c907a224\",\"Host\":\"localhost\",\"Accept-Encoding\":\"gzip, deflate, br\",\"Connection\":\"keep-alive\",\"Content-Length\":\"80\",\"Cookie\":\"ci_session=1h9v4b422m8pr97bmdc77c4ip1cg69dn\",\"tahun_laporanharian\":2020,\"bulan_laporanharian\":5,\"id_user\":1}', '', '::1', 1589312891, 0.087224, '1', 200),
(128, 'v1/laporanharian/data', 'post', '{\"Authorization\":\"Basic bGFwb3Jhbkthcnlhd2FuTWFudGFwOmxhcG9yYW5LYXJ5YXdhbk1hbnRhcA==\",\"Content-Type\":\"application\\/json\",\"User-Agent\":\"PostmanRuntime\\/7.24.1\",\"Accept\":\"*\\/*\",\"Cache-Control\":\"no-cache\",\"Postman-Token\":\"1ed0c5ab-4830-47af-beb8-ba38fac56e71\",\"Host\":\"localhost\",\"Accept-Encoding\":\"gzip, deflate, br\",\"Connection\":\"keep-alive\",\"Content-Length\":\"80\",\"Cookie\":\"ci_session=1h9v4b422m8pr97bmdc77c4ip1cg69dn\",\"tahun_laporanharian\":2020,\"bulan_laporanharian\":4,\"id_user\":1}', '', '::1', 1589312897, 0.045887, '1', 200),
(129, 'v1/laporanharian/data', 'post', '{\"Authorization\":\"Basic bGFwb3Jhbkthcnlhd2FuTWFudGFwOmxhcG9yYW5LYXJ5YXdhbk1hbnRhcA==\",\"Content-Type\":\"application\\/json\",\"User-Agent\":\"PostmanRuntime\\/7.24.1\",\"Accept\":\"*\\/*\",\"Cache-Control\":\"no-cache\",\"Postman-Token\":\"73e101a5-454d-4d0d-b390-63a548bacefc\",\"Host\":\"localhost\",\"Accept-Encoding\":\"gzip, deflate, br\",\"Connection\":\"keep-alive\",\"Content-Length\":\"80\",\"Cookie\":\"ci_session=1h9v4b422m8pr97bmdc77c4ip1cg69dn\",\"tahun_laporanharian\":2020,\"bulan_laporanharian\":4,\"id_user\":1}', '', '::1', 1589312904, 0.0672691, '1', 200),
(130, 'v1/laporanharian/data', 'post', '{\"Authorization\":\"Basic bGFwb3Jhbkthcnlhd2FuTWFudGFwOmxhcG9yYW5LYXJ5YXdhbk1hbnRhcA==\",\"Content-Type\":\"application\\/json\",\"User-Agent\":\"PostmanRuntime\\/7.24.1\",\"Accept\":\"*\\/*\",\"Cache-Control\":\"no-cache\",\"Postman-Token\":\"9de40b97-d9fb-4a41-b078-ba2925c91693\",\"Host\":\"localhost\",\"Accept-Encoding\":\"gzip, deflate, br\",\"Connection\":\"keep-alive\",\"Content-Length\":\"80\",\"Cookie\":\"ci_session=1h9v4b422m8pr97bmdc77c4ip1cg69dn\",\"tahun_laporanharian\":2020,\"bulan_laporanharian\":4,\"id_user\":1}', '', '::1', 1589312914, 0.0431371, '1', 200),
(131, 'v1/laporanharian/data', 'post', '{\"Authorization\":\"Basic bGFwb3Jhbkthcnlhd2FuTWFudGFwOmxhcG9yYW5LYXJ5YXdhbk1hbnRhcA==\",\"Content-Type\":\"application\\/json\",\"User-Agent\":\"PostmanRuntime\\/7.24.1\",\"Accept\":\"*\\/*\",\"Cache-Control\":\"no-cache\",\"Postman-Token\":\"a15dbb7a-c0e9-445f-b9b9-deb1129a63c6\",\"Host\":\"localhost\",\"Accept-Encoding\":\"gzip, deflate, br\",\"Connection\":\"keep-alive\",\"Content-Length\":\"82\",\"Cookie\":\"ci_session=1h9v4b422m8pr97bmdc77c4ip1cg69dn\",\"tahun_laporanharian\":2020,\"bulan_laporanharian\":5,\"id_outlet\":1}', '', '::1', 1589312935, 0.0777152, '1', 200),
(132, 'v1/laporanharian/data', 'post', '{\"Authorization\":\"Basic bGFwb3Jhbkthcnlhd2FuTWFudGFwOmxhcG9yYW5LYXJ5YXdhbk1hbnRhcA==\",\"Content-Type\":\"application\\/json\",\"User-Agent\":\"PostmanRuntime\\/7.24.1\",\"Accept\":\"*\\/*\",\"Cache-Control\":\"no-cache\",\"Postman-Token\":\"aec364ff-db08-4f99-a012-dfe03e630811\",\"Host\":\"localhost\",\"Accept-Encoding\":\"gzip, deflate, br\",\"Connection\":\"keep-alive\",\"Content-Length\":\"82\",\"Cookie\":\"ci_session=1h9v4b422m8pr97bmdc77c4ip1cg69dn\",\"tahun_laporanharian\":2020,\"bulan_laporanharian\":5,\"id_outlet\":5}', '', '::1', 1589312944, 0.438163, '1', 200),
(133, 'v1/laporanharian/data', 'post', '{\"Authorization\":\"Basic bGFwb3Jhbkthcnlhd2FuTWFudGFwOmxhcG9yYW5LYXJ5YXdhbk1hbnRhcA==\",\"Content-Type\":\"application\\/json\",\"User-Agent\":\"PostmanRuntime\\/7.24.1\",\"Accept\":\"*\\/*\",\"Cache-Control\":\"no-cache\",\"Postman-Token\":\"2a58d383-afc6-4d46-892c-33bf08271db8\",\"Host\":\"localhost\",\"Accept-Encoding\":\"gzip, deflate, br\",\"Connection\":\"keep-alive\",\"Content-Length\":\"82\",\"Cookie\":\"ci_session=1h9v4b422m8pr97bmdc77c4ip1cg69dn\",\"tahun_laporanharian\":2020,\"bulan_laporanharian\":5,\"id_outlet\":1}', '', '::1', 1589312956, 0.387307, '1', 200),
(134, 'v1/laporanharian/data', 'post', '{\"Authorization\":\"Basic bGFwb3Jhbkthcnlhd2FuTWFudGFwOmxhcG9yYW5LYXJ5YXdhbk1hbnRhcA==\",\"Content-Type\":\"application\\/json\",\"User-Agent\":\"PostmanRuntime\\/7.24.1\",\"Accept\":\"*\\/*\",\"Cache-Control\":\"no-cache\",\"Postman-Token\":\"2ecb1154-189b-4b7f-a45b-62be20820ff6\",\"Host\":\"localhost\",\"Accept-Encoding\":\"gzip, deflate, br\",\"Connection\":\"keep-alive\",\"Content-Length\":\"82\",\"Cookie\":\"ci_session=1h9v4b422m8pr97bmdc77c4ip1cg69dn\",\"tahun_laporanharian\":2020,\"bulan_laporanharian\":5,\"id_outlet\":1}', '', '::1', 1589312986, 0.0751519, '1', 200),
(135, 'v1/laporanharian/data', 'post', '{\"Authorization\":\"Basic bGFwb3Jhbkthcnlhd2FuTWFudGFwOmxhcG9yYW5LYXJ5YXdhbk1hbnRhcA==\",\"Content-Type\":\"application\\/json\",\"User-Agent\":\"PostmanRuntime\\/7.24.1\",\"Accept\":\"*\\/*\",\"Cache-Control\":\"no-cache\",\"Postman-Token\":\"bf6e2e19-3490-485b-ac1f-7a7f58f8a0fa\",\"Host\":\"localhost\",\"Accept-Encoding\":\"gzip, deflate, br\",\"Connection\":\"keep-alive\",\"Content-Length\":\"82\",\"Cookie\":\"ci_session=1h9v4b422m8pr97bmdc77c4ip1cg69dn\",\"tahun_laporanharian\":2020,\"bulan_laporanharian\":5,\"id_outlet\":1}', '', '::1', 1589313118, 0.094795, '1', 200),
(136, 'v1/laporanharian/add', 'post', '{\"Authorization\":\"Basic bGFwb3Jhbkthcnlhd2FuTWFudGFwOmxhcG9yYW5LYXJ5YXdhbk1hbnRhcA==\",\"Content-Type\":\"application\\/json\",\"User-Agent\":\"PostmanRuntime\\/7.24.1\",\"Accept\":\"*\\/*\",\"Cache-Control\":\"no-cache\",\"Postman-Token\":\"27c27d21-831e-4b0b-99db-5521f3301f94\",\"Host\":\"localhost\",\"Accept-Encoding\":\"gzip, deflate, br\",\"Connection\":\"keep-alive\",\"Content-Length\":\"82\",\"Cookie\":\"ci_session=l8uaemo0h5lv2oc0dctc2gnmf58ffbud\",\"tahun_laporanharian\":2020,\"bulan_laporanharian\":5,\"id_outlet\":1}', '', '::1', 1589313586, 0.049541, '1', 200),
(137, 'v1/laporanharian/add', 'post', '{\"Authorization\":\"Basic bGFwb3Jhbkthcnlhd2FuTWFudGFwOmxhcG9yYW5LYXJ5YXdhbk1hbnRhcA==\",\"Content-Type\":\"application\\/json\",\"User-Agent\":\"PostmanRuntime\\/7.24.1\",\"Accept\":\"*\\/*\",\"Cache-Control\":\"no-cache\",\"Postman-Token\":\"f701cb1b-b10d-44eb-8b21-03cc4e043acf\",\"Host\":\"localhost\",\"Accept-Encoding\":\"gzip, deflate, br\",\"Connection\":\"keep-alive\",\"Content-Length\":\"6\",\"Cookie\":\"ci_session=48njot5vbuled4qh37jv18skc0vcnrlf\"}', '', '::1', 1589313596, 0.0682778, '1', 200),
(138, 'v1/laporanharian/add', 'post', '{\"Authorization\":\"Basic bGFwb3Jhbkthcnlhd2FuTWFudGFwOmxhcG9yYW5LYXJ5YXdhbk1hbnRhcA==\",\"Content-Type\":\"application\\/json\",\"User-Agent\":\"PostmanRuntime\\/7.24.1\",\"Accept\":\"*\\/*\",\"Cache-Control\":\"no-cache\",\"Postman-Token\":\"312d1fd2-3237-4373-9a76-6948ea128889\",\"Host\":\"localhost\",\"Accept-Encoding\":\"gzip, deflate, br\",\"Connection\":\"keep-alive\",\"Content-Length\":\"19\",\"Cookie\":\"ci_session=48njot5vbuled4qh37jv18skc0vcnrlf\",\"id_user\":1}', '', '::1', 1589313640, 0.045501, '1', 200),
(139, 'v1/laporanharian/add', 'post', '{\"Authorization\":\"Basic bGFwb3Jhbkthcnlhd2FuTWFudGFwOmxhcG9yYW5LYXJ5YXdhbk1hbnRhcA==\",\"Content-Type\":\"application\\/json\",\"User-Agent\":\"PostmanRuntime\\/7.24.1\",\"Accept\":\"*\\/*\",\"Cache-Control\":\"no-cache\",\"Postman-Token\":\"83b2dc8e-ae43-4d17-b0a2-d7df7d73d8df\",\"Host\":\"localhost\",\"Accept-Encoding\":\"gzip, deflate, br\",\"Connection\":\"keep-alive\",\"Content-Length\":\"38\",\"Cookie\":\"ci_session=48njot5vbuled4qh37jv18skc0vcnrlf\",\"id_user\":1,\"id_outlet\":1}', '', '::1', 1589313654, 0.0375841, '1', 200),
(140, 'v1/laporanharian/add', 'post', '{\"Authorization\":\"Basic bGFwb3Jhbkthcnlhd2FuTWFudGFwOmxhcG9yYW5LYXJ5YXdhbk1hbnRhcA==\",\"Content-Type\":\"application\\/json\",\"User-Agent\":\"PostmanRuntime\\/7.24.1\",\"Accept\":\"*\\/*\",\"Cache-Control\":\"no-cache\",\"Postman-Token\":\"2c6336a5-328c-4f0c-8374-2f20125e86a0\",\"Host\":\"localhost\",\"Accept-Encoding\":\"gzip, deflate, br\",\"Connection\":\"keep-alive\",\"Content-Length\":\"84\",\"Cookie\":\"ci_session=48njot5vbuled4qh37jv18skc0vcnrlf\"}', '', '::1', 1589313677, 0.0437171, '1', 200),
(141, 'v1/laporanharian/add', 'post', '{\"Authorization\":\"Basic bGFwb3Jhbkthcnlhd2FuTWFudGFwOmxhcG9yYW5LYXJ5YXdhbk1hbnRhcA==\",\"Content-Type\":\"application\\/json\",\"User-Agent\":\"PostmanRuntime\\/7.24.1\",\"Accept\":\"*\\/*\",\"Cache-Control\":\"no-cache\",\"Postman-Token\":\"7534219f-de4f-495e-8673-cd2e67ac9e57\",\"Host\":\"localhost\",\"Accept-Encoding\":\"gzip, deflate, br\",\"Connection\":\"keep-alive\",\"Content-Length\":\"83\",\"Cookie\":\"ci_session=48njot5vbuled4qh37jv18skc0vcnrlf\",\"id_user\":1,\"id_outlet\":1,\"alamat_laporanharian\":\"Klahang mantap\"}', '', '::1', 1589313688, 0.0328131, '1', 200),
(142, 'v1/laporanharian/add', 'post', '{\"Authorization\":\"Basic bGFwb3Jhbkthcnlhd2FuTWFudGFwOmxhcG9yYW5LYXJ5YXdhbk1hbnRhcA==\",\"Content-Type\":\"application\\/json\",\"User-Agent\":\"PostmanRuntime\\/7.24.1\",\"Accept\":\"*\\/*\",\"Cache-Control\":\"no-cache\",\"Postman-Token\":\"a4fc0348-2a55-4ad0-8826-b57af88c05d3\",\"Host\":\"localhost\",\"Accept-Encoding\":\"gzip, deflate, br\",\"Connection\":\"keep-alive\",\"Content-Length\":\"243\",\"Cookie\":\"ci_session=48njot5vbuled4qh37jv18skc0vcnrlf\",\"id_user\":1,\"id_outlet\":1,\"alamat_laporanharian\":\"Klahang mantap\",\"latitude_laporanharian\":123,\"longitude_laporanharian\":321,\"keterangan_laporanharian\":\"Aw mantap mantapp\",\"bukti_laporanharian\":\"rafly.jpg\"}', '', '::1', 1589313744, 0.080183, '1', 200),
(143, 'v1/laporanharian/add', 'post', '{\"Authorization\":\"Basic bGFwb3Jhbkthcnlhd2FuTWFudGFwOmxhcG9yYW5LYXJ5YXdhbk1hbnRhcA==\",\"Content-Type\":\"application\\/json\",\"User-Agent\":\"PostmanRuntime\\/7.24.1\",\"Accept\":\"*\\/*\",\"Cache-Control\":\"no-cache\",\"Postman-Token\":\"d64b88fb-af46-4c09-b13a-763951ac3e9e\",\"Host\":\"localhost\",\"Accept-Encoding\":\"gzip, deflate, br\",\"Connection\":\"keep-alive\",\"Content-Length\":\"28\",\"Cookie\":\"ci_session=48njot5vbuled4qh37jv18skc0vcnrlf\",\"id_laporanharian\":1}', '', '::1', 1589314289, 0.0478981, '1', 200),
(144, 'v1/laporanharian/proses', 'post', '{\"Authorization\":\"Basic bGFwb3Jhbkthcnlhd2FuTWFudGFwOmxhcG9yYW5LYXJ5YXdhbk1hbnRhcA==\",\"Content-Type\":\"application\\/json\",\"User-Agent\":\"PostmanRuntime\\/7.24.1\",\"Accept\":\"*\\/*\",\"Cache-Control\":\"no-cache\",\"Postman-Token\":\"8fadda2c-f31a-4c4d-b017-4f50ac8c036f\",\"Host\":\"localhost\",\"Accept-Encoding\":\"gzip, deflate, br\",\"Connection\":\"keep-alive\",\"Content-Length\":\"28\",\"Cookie\":\"ci_session=pf30758ad22jvbt9e5ud7o1pp4cfj0t7\",\"id_laporanharian\":1}', '', '::1', 1589314296, 0.040091, '1', 200),
(145, 'v1/laporanharian/proses', 'post', '{\"Authorization\":\"Basic bGFwb3Jhbkthcnlhd2FuTWFudGFwOmxhcG9yYW5LYXJ5YXdhbk1hbnRhcA==\",\"Content-Type\":\"application\\/json\",\"User-Agent\":\"PostmanRuntime\\/7.24.1\",\"Accept\":\"*\\/*\",\"Cache-Control\":\"no-cache\",\"Postman-Token\":\"a38171d4-6e78-45d9-8439-a1cca53bb912\",\"Host\":\"localhost\",\"Accept-Encoding\":\"gzip, deflate, br\",\"Connection\":\"keep-alive\",\"Content-Length\":\"58\",\"Cookie\":\"ci_session=pf30758ad22jvbt9e5ud7o1pp4cfj0t7\",\"id_laporanharian\":1,\"status_laporanharian\":3}', '', '::1', 1589314313, 0.05233, '1', 200),
(146, 'v1/laporanharian/proses', 'post', '{\"Authorization\":\"Basic bGFwb3Jhbkthcnlhd2FuTWFudGFwOmxhcG9yYW5LYXJ5YXdhbk1hbnRhcA==\",\"Content-Type\":\"application\\/json\",\"User-Agent\":\"PostmanRuntime\\/7.24.1\",\"Accept\":\"*\\/*\",\"Cache-Control\":\"no-cache\",\"Postman-Token\":\"74760e68-4aa2-4d72-b6da-50475bd28531\",\"Host\":\"localhost\",\"Accept-Encoding\":\"gzip, deflate, br\",\"Connection\":\"keep-alive\",\"Content-Length\":\"58\",\"Cookie\":\"ci_session=pf30758ad22jvbt9e5ud7o1pp4cfj0t7\",\"id_laporanharian\":4,\"status_laporanharian\":3}', '', '::1', 1589314324, 0.038703, '1', 200),
(147, 'v1/laporanharian/proses', 'post', '{\"Authorization\":\"Basic bGFwb3Jhbkthcnlhd2FuTWFudGFwOmxhcG9yYW5LYXJ5YXdhbk1hbnRhcA==\",\"Content-Type\":\"application\\/json\",\"User-Agent\":\"PostmanRuntime\\/7.24.1\",\"Accept\":\"*\\/*\",\"Cache-Control\":\"no-cache\",\"Postman-Token\":\"d95a57ed-389d-4d58-b0fa-b949312d03bd\",\"Host\":\"localhost\",\"Accept-Encoding\":\"gzip, deflate, br\",\"Connection\":\"keep-alive\",\"Content-Length\":\"58\",\"Cookie\":\"ci_session=pf30758ad22jvbt9e5ud7o1pp4cfj0t7\",\"id_laporanharian\":4,\"status_laporanharian\":1}', '', '::1', 1589314332, 0.0480781, '1', 200),
(148, 'v1/laporanharian/proses', 'post', '{\"Authorization\":\"Basic bGFwb3Jhbkthcnlhd2FuTWFudGFwOmxhcG9yYW5LYXJ5YXdhbk1hbnRhcA==\",\"Content-Type\":\"application\\/json\",\"User-Agent\":\"PostmanRuntime\\/7.24.1\",\"Accept\":\"*\\/*\",\"Cache-Control\":\"no-cache\",\"Postman-Token\":\"cc336c2b-13f0-43cf-a35b-de3af38544ed\",\"Host\":\"localhost\",\"Accept-Encoding\":\"gzip, deflate, br\",\"Connection\":\"keep-alive\",\"Content-Length\":\"58\",\"Cookie\":\"ci_session=pf30758ad22jvbt9e5ud7o1pp4cfj0t7\",\"id_laporanharian\":1,\"status_laporanharian\":1}', '', '::1', 1589314339, 0.0942459, '1', 200),
(149, 'v1/outlet/data', 'post', '{\"Authorization\":\"Basic bGFwb3Jhbkthcnlhd2FuTWFudGFwOmxhcG9yYW5LYXJ5YXdhbk1hbnRhcA==\",\"Content-Type\":\"application\\/json\",\"User-Agent\":\"PostmanRuntime\\/7.24.1\",\"Accept\":\"*\\/*\",\"Cache-Control\":\"no-cache\",\"Postman-Token\":\"58e491ea-0f19-4afc-82cd-d8f280131828\",\"Host\":\"localhost\",\"Accept-Encoding\":\"gzip, deflate, br\",\"Connection\":\"keep-alive\",\"Content-Length\":\"19\",\"Cookie\":\"ci_session=pf30758ad22jvbt9e5ud7o1pp4cfj0t7\",\"id_kota\":5}', '', '::1', 1589315276, 0.0618062, '1', 200),
(150, 'v1/outlet/data', 'post', '{\"Authorization\":\"Basic bGFwb3Jhbkthcnlhd2FuTWFudGFwOmxhcG9yYW5LYXJ5YXdhbk1hbnRhcA==\",\"Content-Type\":\"application\\/json\",\"User-Agent\":\"PostmanRuntime\\/7.24.1\",\"Accept\":\"*\\/*\",\"Cache-Control\":\"no-cache\",\"Postman-Token\":\"6151dfe8-041b-4456-888a-6d2046e4de8f\",\"Host\":\"localhost\",\"Accept-Encoding\":\"gzip, deflate, br\",\"Connection\":\"keep-alive\",\"Content-Length\":\"6\",\"Cookie\":\"ci_session=uup8m8am0svkt882cq505c9hbi42tv19\"}', '', '::1', 1589315285, 0.0701389, '1', 200);

-- --------------------------------------------------------

--
-- Struktur dari tabel `user`
--

CREATE TABLE `user` (
  `id_user` int(11) NOT NULL,
  `nip_user` varchar(50) DEFAULT NULL,
  `username_user` varchar(100) DEFAULT NULL,
  `password_user` text NOT NULL,
  `nama_user` varchar(100) NOT NULL,
  `foto_user` text,
  `level_user` int(1) NOT NULL DEFAULT '1' COMMENT '1 = KARYAWAN | 2 = ADMIN',
  `created_at` datetime NOT NULL DEFAULT CURRENT_TIMESTAMP,
  `updated_at` datetime NOT NULL DEFAULT CURRENT_TIMESTAMP ON UPDATE CURRENT_TIMESTAMP,
  `deleted_at` datetime DEFAULT NULL
) ENGINE=InnoDB DEFAULT CHARSET=latin1;

--
-- Dumping data untuk tabel `user`
--

INSERT INTO `user` (`id_user`, `nip_user`, `username_user`, `password_user`, `nama_user`, `foto_user`, `level_user`, `created_at`, `updated_at`, `deleted_at`) VALUES
(1, '123456', NULL, 'f5bb0c8de146c67b44babbf4e6584cc0', 'Rafli ganteng', 'aw.jpg', 1, '2020-05-12 22:59:10', '2020-05-13 01:14:35', NULL),
(2, NULL, 'admin', 'f5bb0c8de146c67b44babbf4e6584cc0', 'Admin Ganteng', NULL, 2, '2020-05-12 23:00:21', '2020-05-13 00:25:44', NULL),
(10, '123123', 'adminmantap', 'f5bb0c8de146c67b44babbf4e6584cc0', 'Admin Mantap', 'rafly.jpg', 2, '2020-05-12 23:28:24', '2020-05-13 00:25:42', NULL),
(12, NULL, 'user', 'f5bb0c8de146c67b44babbf4e6584cc0', 'User Mantap', NULL, 1, '2020-05-12 23:30:08', '2020-05-13 00:25:46', NULL);

--
-- Indexes for dumped tables
--

--
-- Indeks untuk tabel `kota`
--
ALTER TABLE `kota`
  ADD PRIMARY KEY (`id_kota`);

--
-- Indeks untuk tabel `laporanbulanan`
--
ALTER TABLE `laporanbulanan`
  ADD PRIMARY KEY (`id_laporanbulanan`),
  ADD KEY `user_laporanbulanan` (`id_user`);

--
-- Indeks untuk tabel `laporanharian`
--
ALTER TABLE `laporanharian`
  ADD PRIMARY KEY (`id_laporanharian`),
  ADD KEY `user_laporanharian` (`id_user`),
  ADD KEY `outlet_laporanharian` (`id_outlet`);

--
-- Indeks untuk tabel `outlet`
--
ALTER TABLE `outlet`
  ADD PRIMARY KEY (`id_outlet`),
  ADD KEY `outlet_kota` (`id_kota`);

--
-- Indeks untuk tabel `rest_logs`
--
ALTER TABLE `rest_logs`
  ADD PRIMARY KEY (`id`);

--
-- Indeks untuk tabel `user`
--
ALTER TABLE `user`
  ADD PRIMARY KEY (`id_user`),
  ADD UNIQUE KEY `email_user` (`username_user`),
  ADD UNIQUE KEY `nip_user` (`nip_user`);

--
-- AUTO_INCREMENT untuk tabel yang dibuang
--

--
-- AUTO_INCREMENT untuk tabel `kota`
--
ALTER TABLE `kota`
  MODIFY `id_kota` int(11) NOT NULL AUTO_INCREMENT, AUTO_INCREMENT=5;

--
-- AUTO_INCREMENT untuk tabel `laporanbulanan`
--
ALTER TABLE `laporanbulanan`
  MODIFY `id_laporanbulanan` int(11) NOT NULL AUTO_INCREMENT, AUTO_INCREMENT=2;

--
-- AUTO_INCREMENT untuk tabel `laporanharian`
--
ALTER TABLE `laporanharian`
  MODIFY `id_laporanharian` int(11) NOT NULL AUTO_INCREMENT, AUTO_INCREMENT=4;

--
-- AUTO_INCREMENT untuk tabel `outlet`
--
ALTER TABLE `outlet`
  MODIFY `id_outlet` int(11) NOT NULL AUTO_INCREMENT, AUTO_INCREMENT=9;

--
-- AUTO_INCREMENT untuk tabel `rest_logs`
--
ALTER TABLE `rest_logs`
  MODIFY `id` int(11) NOT NULL AUTO_INCREMENT, AUTO_INCREMENT=151;

--
-- AUTO_INCREMENT untuk tabel `user`
--
ALTER TABLE `user`
  MODIFY `id_user` int(11) NOT NULL AUTO_INCREMENT, AUTO_INCREMENT=13;

--
-- Ketidakleluasaan untuk tabel pelimpahan (Dumped Tables)
--

--
-- Ketidakleluasaan untuk tabel `laporanbulanan`
--
ALTER TABLE `laporanbulanan`
  ADD CONSTRAINT `user_laporanbulanan` FOREIGN KEY (`id_user`) REFERENCES `user` (`id_user`);

--
-- Ketidakleluasaan untuk tabel `laporanharian`
--
ALTER TABLE `laporanharian`
  ADD CONSTRAINT `outlet_laporanharian` FOREIGN KEY (`id_outlet`) REFERENCES `outlet` (`id_outlet`),
  ADD CONSTRAINT `user_laporanharian` FOREIGN KEY (`id_user`) REFERENCES `user` (`id_user`);

--
-- Ketidakleluasaan untuk tabel `outlet`
--
ALTER TABLE `outlet`
  ADD CONSTRAINT `outlet_kota` FOREIGN KEY (`id_kota`) REFERENCES `kota` (`id_kota`);
COMMIT;

/*!40101 SET CHARACTER_SET_CLIENT=@OLD_CHARACTER_SET_CLIENT */;
/*!40101 SET CHARACTER_SET_RESULTS=@OLD_CHARACTER_SET_RESULTS */;
/*!40101 SET COLLATION_CONNECTION=@OLD_COLLATION_CONNECTION */;
